mya_cdeab43a2e341823fae8cec8566af332,(ဂ)ပြည်နယ်/တိုင်း ကုန်သွယ်ရေး ၁၄ ခု။,0,0,0,0,0,0,NULL
mya_bad399a8c1b29bc14a5faee6daaddf6e,နည်းပညာများ၏ ဖွံ့ဖြိုးတိုးတက်မှုသည် များလှစွာသော အသိပညာဖြစ်သော သိပ္ပံပညာ၊ အင်ဂျင်နီယာ၊ သင်္ချာ၊ ဘာသာစကားနှင့် သမိုင်း အစရှိသော အသိပညာတို့မှ လက်တွေ့အသုံးချနိုင်သော ရလဒ်များ ရရှိလာခဲ့ခြင်းသာဖြစ်နိုင်သည်။,0,0,0,0,0,0,NULL
mya_9eca73ecbd847335df8f9d936a67dc9a,လေ့လာဆန်းစစ်အကဲဖြတ်ရေး ဦးစီးဌာန။,0,0,0,0,0,0,NULL
mya_451c9eae9bbed577b2e42fbdf0f64b87,"သို့ပေမယ့် လွန်ခဲ့သော နှစ်ပေါင်း ၇၅,၀၀၀ ခန့်က ချွန်ထက်သောအရာများနှင့် ပွတ်တိုက်ခြင်းဖြင့် ကျောက်တုံးအချွန်းများအား ညှိခြင်း(pressure flaking]])ဖြင့် ကျောက်လက်နက်များအား ပိုမိုကောင်းမွန်အောင် ပြုလုပ်နိုင်ခဲ့သည်။",0,0,0,0,0,0,NULL
mya_fc0b8512c07432e8354cef85a96e99de,မြန်မာနိုင်ငံသည် ၁၉၆၂ ခုနှစ်မှစ၍ စစ်အုပ်ချုပ်ရေး အောက်တွင် ရောက်ခဲ့ရသည်။,0,0,0,0,0,0,NULL
mya_e9445e7b33479076d1cb37b8be268bb5,ဆားစ် ခေါ် ကူးစက်မြန် အဆုတ်ရောင်အအေးမိရောဂါ၊ ငှက်ဖျား၊ အဆုတ်နာရောဂါ၊ ဆွိုင်းဖလူးခေါ် ကြက်ငှက်တုပ်ကွေးနှင့် ခုခံအားကျဆင်းမှုရောဂါ ([၁]) ကဲ့သို့သော ကူးစက်တတ်သော အနာရောဂါများ ကူးစက် ဖြစ်ပွားခြင်းကို ထိန်းချုပ်ရန်အတွက် အပြည်ပြည်ဆိုင်ရာ ကြိုးပမ်းအားထုတ်မှုများကို ညှိနှိုင်း ဆောင်ရွက်ခြင်းအပြင် ထိုရောဂါများ ကာကွယ်ရေးနှင့် ကုသရန် အစီအစဉ်များကိုလည်း WHO ကတာဝန်ယူသည်။,0,0,0,0,0,0,NULL
mya_1495f46428dfd8c1c8f303dafb353b19,ဇီဝနည်းပညာသုတေသန ဦးစီးဌာန။,0,0,0,0,0,0,NULL
mya_c17231f196392f90d8e11e2f01a6c81c,ထိုခြားနားခြင်းသည် ယနေ့မျက်မှောက်လူသားနှင့် ကမ္ဘာဦးလူသား Homo neanderthalensis က လွန်ခဲ့သော နှစ်၃၀၊၄၀လောက်မှစ၍ တိုးတက်ပြောင်းလဲခဲ့ပုံကို သုတေသနပြုခဲ့ကြသည်။,0,0,0,0,0,0,NULL
mya_17af2e7eeba8873adee1f74b46884801,၂၀၀၁-ခုနှစ်၊ အိန္ဒိယနီပေါ ဗုဒ္ဓဂယာဓမ္မခရီးသည် စာအုပ်နှင့် တစ်နေ့တစ်လံ ပုဂံဘယ်ရွေ့မလဲ စာအုပ်တို့ကို တက္ကသိုလ်စိန်တင်နှင့် တွဲဖက်၍ ရေးသားခဲ့သည်။,0,0,0,0,0,0,NULL
mya_3acfe8c967aeecd5a5521e335d9e4b93,အမှတ်မထင် ထွက်လာသော အသံမှ ခံစားချက်ကိုဆက်သွယ်သော စကားလုံးများဖြစ်ပေါ်ခြင်း။,0,0,0,0,0,0,NULL
mya_9cf489619259a4d25af87d872a31f9f0,ကမ္ဘာ့ကုန်သွယ်ရေးအဖွဲ့-WTO။,0,0,0,0,0,0,NULL
mya_987d45598b49fcad006fea2f6e679ed1,အေအေ ထိန်းချုပ်ထားတဲ့ ကျောက်တော်၊ သံတွဲနဲ့ ဂွမြို့တွေကို စစ်တပ်က မနေ့ညက လေကြောင်းကနေဗုံးကြဲတဲ့ သတင်းအပါအဝင် ဩဂုတ် ၁၄ ရက် နိုင်ငံတဝန်းနဲ့ ကမ္ဘာတဝန်းကထူးခြားသတင်းတွေကို တိုက်ရိုက်တင်ဆက်သွားမှာဖြစ်ပါတယ်။,0,0,0,0,0,0,NULL
mya_c423baf29046d6e8329772cdb2730abe,အဖွဲ့ဝင်မဟုတ်သည့် နယ်မြေများသည် အကယ်၍ ညီလာခံမဲပေးခြင်းအားဖြင့် သဘောတူ ခွင့်ပြုချက်ရရှိပါက တွဲဘက်အဖွဲ့ဝင်များအဖြစ် (သတင်းအချက်အလက် အပြည့်အစုံဖြင့် သို့ရာတွင် ပါဝင်မှုနှင့် မဲပေးခွင့်တို့ကို ကန့်သတ်ထားသည်) အဖွဲ့ဝင်နိုင်သည်။,0,0,0,0,0,0,NULL
mya_07e87ceb04a434428a390be2a817af76,ကျောက်ခေတ်ဟောင်းတွင် အခြားသော တိုးတက်လာခဲ့သည် နည်းပညာများမှာ အဝတ်အထည်နှင့် အမိုးအကာများဖြစ်ပြီး ထိုသည်တို့ အသုံးပြုနိုင်ခဲ့သည် အချိန်ကို အတိအကျဖြင့် ဖော်ပြနိုင်ခြင်းမရှိပေ။,0,0,0,0,0,0,NULL
mya_7d3377bbf3e4b435662923fe00089578,ရွေးကောက်ပွဲမတိုင်ခင် သတင်းစာရှင်းလင်းပွဲတွင် ဒေါ်အောင်ဆန်းစုကြည်မှာ မိမိမှာ သမ္မတ အထက်တွင်ရှိမည်ဖြစ်ကြောင်း သတင်းထောက်များကို ဖြေကြားခဲ့သည်။,0,0,0,0,0,0,NULL
mya_df781ec3aecf1bf46a3575ab0d87919f,အရပ်သုံး ဘာသာစကား (natural language) နှင့် စည်းချပ် ဘာသာစကား (formal language) ဟု ၂မျိုး ခွဲနိုင်ပြီး လူအများကြား နေ့တဓူဝသုံးနှုန်းနေကြသည်မှာ အရပ်သုံး ဘာသာစကားများ ဖြစ်သည်။,0,0,0,0,0,0,NULL
mya_b501e9923f739cc86fa585ee4bf4be20,သိပ္ပံနှင့်နည်းပညာကဏ္ဍ စဉ်ဆက်မပြတ်ဖွံ့ဖြိုးတိုးတက်ရေးနှင့် ဤကဏ္ဍဆိုင်ရာ လူသားအရင်းအမြစ်ဖွံ့ဖြိုး တိုးတက်ရေးတို့သည် နိုင်ငံတော်၏ အမျိုးသားအကျိုးစီးပွားဖွံ့ဖြိုးတိုးတက်ရေးအတွက် အရေးပါသောကဏ္ဍများ ဖြစ်သည့်အားလျော်စွာ သိပ္ပံနှင့်နည်းပညာဝန်ကြီးဌာနကို ၁၉၉၆ ခုနှစ်၊ အောက်တိုဘာလ (၂) ရက်နေ့တွင် နိုင်ငံတော်အေးချမ်းသာယာရေးနှင့်ဖွံ့ဖြိုးရေးကောင်စီ၏ အမိန့်အမှတ် (၃၆/၉၆)ဖြင့် စတင်ဖွဲ့စည်းခဲ့ပါသည်။,0,0,0,0,0,0,NULL
mya_fb6a3ee7c537cbb5417dceec7d501ca4,၂၀၁၆ ခုနှစ် ဇန်နဝါရီလ (၃၁) ရက်နေ့တွင် သက်တမ်းကုန်ဆုံးခဲ့သည်။,0,0,0,0,0,0,NULL
mya_7078fde9afc983aba715279dfe8dba22,အမှန်အားဖြင့် လတ်တလောအချိန်အထိ နည်းပညာကိုဖွံ့ဖြိုးအောင် ပြုလုပ်နိုင်သူမှာ လူသားများသာ ဖြစ်သည်ဟု ယုံကြည်ရသည်။,0,0,0,0,0,0,NULL
mya_6abdfb64402f2023d0d7e64b4c67212e,နိုင်ငံတော်နှင့် ဒေသ အစိုးရများ၊ ဖောင်ဒေးရှင်းများနှင့် NGOများ၊ အခြား UN အဖွဲ့အစည်းများနှင့် ပုဂ္ဂလိက အခန်းကဏ္ဍများမှလည်း WHO သို့ စေတနာအလျောက် ထည့်ဝင်ကြရာ ယခုအခါ အဖွဲ့ဝင်နိုင်ငံ 193 နိုင်ငံတို့၏ သတ်မှတ်ထည့်ဝင်ငွေ (ပေးရန်ရှိသော)ထက် ကျော်လွန်သွားပြီဖြစ်သည်။,0,0,0,0,0,0,NULL
mya_dee4e01a7787fea6f1c0115439ad8622,၎င်းတို့ထဲမှ ဒိန်းမတ်လူမျိုးဘာသာဗေဒပညာရှင် “အုတ်တို ဂျက်စ်ပါစင်” Jens Otto Harry Jespersen၏တင်ပြချက်ကို အောက်ပါအတိုင်းတွေ့ရှိနိုင်သည်။,0,0,0,0,0,0,NULL
mya_d51a0fb7d8c691354dd5667d694a97fd,သီးခြားအုပ်ချုပ်ခွင့်ရှိသော အထူးလက်အောက်ခံ နယ်မြေများကိုလည်း လေ့လာသူအဆင့်အတန်း သတ်မှတ်နိုင်သည်။,0,0,0,0,0,0,NULL
mya_d3a5670761133d8f90f824192418b28a,ထိုနှစ် ဩဂုတ် ၈ ရက်နေ့တွင် စစ်တပ်သည် ဆန္ဒပြသူများအား ပစ်ခတ်ခဲ့ရာ ၈၈၈၈ (၈လေးလုံး) အုံကြွမှုဟု တွင်ခဲ့သည်။,0,0,0,0,0,0,NULL
mya_a73d2f76b520d3abae7557ed5bfe7e94,သို့သော် ဤသည်တို့မှာ လူသားတို့ ဖွံ့ဖြိုးတိုးတက်မှု၏ အဓိကအချက်များ ဖြစ်ကြသည်။,0,0,0,0,0,0,NULL
mya_cead81cf49dd60d09935758383a82ab2,ထို့ပြင် ကလေးများသည် အထွက်နှုန်းတိုးလာသော သီးနှံများအတွက် လုပ်အားကိုရရှိနိုင်ပြီး အမဲလိုက်ခြင်းနှင့် ကောတ်သိမ်းခြင်း လုပ်ကိုင်သူတို့စာလျှင် ပိုမို၍ အဆင်သင့်သည်။,0,0,0,0,0,0,NULL
mya_cc4461483fd9c3a2c806bb087a3891e6,နေပြည်တော်နဲ့အပြိုင် SCEF အင်ဂျင်ပါဝါတည်ဆောက်နိုင်မလား။,0,0,0,0,0,0,NULL
mya_496f2b784683dddbdf5479a8fcd7f763,လူ့သဘာဝ တွင်ကားပါဝင်နိုင်သည်။,0,0,0,0,0,0,NULL
mya_bf5cc522dddefcf3f8fa6e715d00e330,တိုင်းရင်းမေဂျာနယ်၊ ယုဝတီဂျာနယ်၊ သင့်ဘဝမဂ္ဂဇင်းတို့တွင် တင်ဝဇီ(ရွှေမြိုင်) ကလောင်အမည်ဖြင့် ဆောင်းပါး၊ ကဗျာများ ရေးသားခဲ့ပြီး ၁၉၇၆-ခုနှစ်တွင် စိမ့်(ပညာရေး) ကလောင်အမည်ဖြင့် ဒိုင်းခင်ခင် (ရတနာပုံ နန်းတွင်းလျှို့ဝှက်ဇာတ်လမ်းများ)၊ ပုဂံရွှေရုပ်လွှာ(၁)(၂)၊ ပတ္တမြားငမောက်၊ ရာဇဓာတုကလျာ၊ ကနောင်မင်းသားနှင့် လှိုင်ထိပ်ခေါင်တင်၊ ပန်ထွာဘုရင်မ စသည့် လုံးချင်းဝတ္ထုများ ရေးသားခဲ့သည်။,0,0,0,0,0,0,NULL
mya_912cfcd835982df7779d6f168b3ff303,စစ်အစိုးရသည် နိုင်ငံတကာမှ ဝိုင်းပယ်ထားခြင်းကို တိုး၍ခံနေရသည်။,0,0,0,0,0,0,NULL
mya_dab8751a96c8ef861aaed4edb365123e,ယူကရိန်းစစ်ပွဲမှာ အောင်ပွဲရပြီလို့ 'ပူတင်' ဘယ်တော့မှ ပြောနိုင်မှာမဟုတ်ဘူး - နိုဘယ်လ်ဆုရှင် မူရာတော့ဗ်။,0,0,0,0,0,0,NULL
mya_e3ccf9559043aea5030c9d5660d5c8e1,၁၉၄၈ ခုနှစ် ဇန်နဝါရီ ၄ ရက်တွင် မြန်မာနိုင်ငံသည် ဗြိတိသျှကိုလိုနီလက်အောက်မှ လွတ်မြောက်ကာ ပါလီမန်စနစ်ကို အခြေခံသော ဒီမိုကရေစီနိုင်ငံဖြစ်လာသည်။,0,0,0,0,0,0,NULL
mya_6a57e6a47722532035539a19920d97e7,၁၉၆၁-ခုနှစ်တွင် ရန်ကုန်တက္ကသိုလ်မှ ဝိဇ္ဇာဘွဲ့၊ ၁၉၆၄-ခုနှစ်တွင် ရန်ကုန် ပညာရေးမဟာဌာနမှ ဘီအီးဒီဘွဲ့၊ ၁၉၇၆-ခုနှစ်တွင် ရန်ကုန်ပညာရေးတက္ကသိုလ်မှ မဟာပညာရေးဘွဲ့များ ရရှိခဲ့သည်။,0,0,0,0,0,0,NULL
mya_44abb8daaeafc24a97ab71f7245388ee,ကျောင်း၌ ယဉ်ကျေးခြင်း (၁၄) မျိုး။,0,0,0,0,0,0,NULL
mya_b0292094fe011f8794a4d0bac2b93034,ယခုလက်ရှိတွင် စစ်အစိုးရသည် နိုင်ငံ၏ ၅၀%ကိုသာ ထိန်းချုပ်နိုင်တော့သည်။,0,0,0,0,0,0,NULL
mya_cfb4fd64caeab3578f40c016ddb37168,ပန်ထွာဘုရင်မ၊ ဒိုင်းခင်ခင်၊ ရာဇဓာတုကလျာ စသည့်စာအုပ်များသည် သူမ၏ထင်ရှားသောလက်ရာများဖြစ်သည်။,0,0,0,0,0,0,NULL
mya_ab2a96ff3604e0c42e4fcb6078498436,၂၀၁၆ ခုနှစ် သမ္မတ ဦးထင်ကျော်လက်ထက်တွင် ဖျက်သိမ်းပြီး ပညာရေးဝန်ကြီးဌာန (သိပ္ပံနှင့် နည်းပညာ) အဖြစ် ပညာရေးဝန်ကြီးဌာနလက်အောက်တွင် ထားရှိခဲ့ကာ ၂၀၂၁ခုနှစ်၊ ဇွန်လ(၁၇) ရက်နေ့တွင် နိုင်ငံတော်စီမံအုပ်ချုပ်ရေးကောင်စီ၏ အမိန့်အမှတ် (၁၃၈/၂၀၂၁)ဖြင့် ပြင်ဆင်ဖွဲ့စည်းခဲ့ပါသည်။,0,0,0,0,0,0,NULL
mya_75197c0913ab16245c5b465d4868f72a,၂၀၁၀ အထွေထွေရွေးကောက်ပွဲတွင် သပိတ်မှောက်ခဲ့သော အတိုက်အခံပါတီ 'အမျိုးသားဒီမိုကရေစီ အဖွဲ့ချုပ်' ဟာ ၂၀၁၂ခုနှစ် ကြားဖြတ်ရွေးကောက်ပွဲတွင် ပါဝင်ယှဉ်ပြိုင်ကာ လွှတ်တော်များထဲသို့ စတင်ဝင်ရောက်ခဲ့သည်။,0,0,0,0,0,0,NULL
mya_a24d198bf05c730a55a4d95bb6e1c897,မြန်မာနိုင်ငံတစ်ဝန်း အရေးပေါ်အခြေအနေကို ကြေညာခဲ့ပြီး၊ အမိန့် ထုတ်ပြန်သည့်နေ့မှစ၍ တစ်နှစ်သတ်မှတ်လိုက်သည်။,0,0,0,0,0,0,NULL
mya_967fbf8e51eb3fb10d141ae2774860fe,အမေရိကန်အင်တာနက်ကုမ္ပဏီ ဖေါတီနက်မှ ဆန်ခါစစ်ထုတ်သည့် စနစ်ဖြင့် အင်တာနက်အသုံးပြုမှုကို ကန့်သတ်ထားသည်။,0,0,0,0,0,0,NULL
mya_47b776b90514ba2bec8a6c3714b91036,သွေးထားသော ကျောက်ပုဆိန်များ ပြုလုပ်နိုင်ခဲ့ခြင်းသည် တောများခုတ်ထွင်ရှင်းလင်းရာ၌ ပိုမိုတွင်ကျယ်စေကာ ပိုမိုကြီးမားကျယ်ပြန့်သော လယ်ယာစိုက်ပျိုးနိုင်သည့် မြေများရရှိခဲ့သည်။,0,0,0,0,0,0,NULL
mya_e494b14f8eb31f56a309300bec10cad4,ချက်ဗရွန်မှ မဝယ်ယူမီက ယူနိုကယ်လ်ကုမ္ပဏီသည်လည်း အလားတူ တရားတဘောင် ရင်ဆိုင်ခဲ့ရပြီး သန်းပေါင်းရာချီ ကုန်ခဲ့သည်ဟု ဆိုသည်။,0,0,0,0,0,0,NULL
mya_04401585234e4b06024c71392ca790f0,သိပ္ပံနှင့် နည်းပညာ ဝန်ကြီးဌာန (အင်္ဂလိပ်: Ministry of Science and Technology) သည် မြန်မာနိုင်ငံ၏ သိပ္ပံ၊ နည်းပညာနှင့် သုတေသနကဏ္ဍများကို ဖွံ့ဖြိုးတိုးတက်စေရန်နှင့် လိုအပ်သော လူ့စွမ်းအားအရင်းအမြစ်များ မွေးထုတ်ပေးရန်အတွက် တာဝန်ယူ ဆောင်ရွက်လျက်ရှိသော ပြည်ထောင်စုဝန်ကြီးဌာနတစ်ခု ဖြစ်သည်။,0,0,0,0,0,0,NULL
mya_0ac5f8374a2968e002cc971548c89570,သို့သော်လည်း ဒဏ်ခတ်ပိတ်ဆို့မှုတွင်ပါသော အားနည်းချက်များကြောင့် အချို့အနောက်နိုင်ငံ ရေနံကုမ္ပဏီကြီးများ လုပ်ငန်းများ ဆက်လက်လုပ်ကိုင်လျက်ရှိပြီး အာရှစီးပွားရေးလုပ်ငန်းများကလည်း ဆက်လက်ရင်းနှီးမြှုပ်နှံလျက်ရှိသည်။,0,0,0,0,0,0,NULL
mya_760f5dd78aa6ce87a9921f245c116440,ပြည်ထောင်စုသမ္မတမြန်မာနိုင်ငံတော် အစိုးရသစ်လက်ထက်တွင် နိုင်ငံတော်ဖွံ့ဖြိုးတိုးတက် ရေးအတွက် ပြုပြင်ပြောင်းလဲမှုလုပ်ငန်းစဉ် ၄ ရပ်ကို ချမှတ်အကောင်အထည်ဖော်လျက်ရှိရာတွင် စီးပွားရေးနှင့် ကူးသန်းရောင်းဝယ်ရေးဝန်ကြီးဌာနသည် နိုင်ငံတော်၏ စီးပွားရေးပြုပြင်ပြောင်းလဲမှု များနှင့်အညီပြုပြင်ပြောင်းလဲ ဆောင်ရွက်ရန်လိုအပ်သည့် ဝန်ကြီးဌာန၏လုပ်ငန်းတာဝန်များကို ပြုပြင်ပြောင်းလဲ၍လုပ်ငန်းတာဝန်များ ဆောင်ရွက်ရာတွင် ပိုမိုအောင်မြင်အောင် စီမံဆောင်ရွက် လျက်ရှိရာ စီးပွားရေးနှင့်ကူးသန်းရောင်းဝယ်ရေး ဝန်ကြီးဌာနရှိ လုပ်ငန်းဌာနကြီးများကို ၁-၁-၂၀၁၃ မှ စတင်၍လုပ်ငန်းစွမ်း ဆောင်ရည် ပိုမိုမြင့်မားစေရန်အတွက် စီးပွားရေးနှင့်ကူးသန်းရောင်းဝယ်ရေး ဝန်ကြီးဌာန၏ ၁၅-၃-၂၀၁၃ ရက်စွဲပါ အမိန့်အမှတ် (၂၄/၂၀၁၃) အရ နယ်စပ်ကုန်သွယ်ရေး ဦးစီးဌာနကို ကူးသန်းရောင်းဝယ်ရေးနှင့်စားသူရေးရာဦးစီးဌာနအဖြစ်လည်းကောင်း၊ မြန်မာ့ လယ်ယာထွက်ကုန်ပစ္စည်းရောင်းဝယ်ရေးကို ကုန်သွယ်မှုမြှင့်တင်ရေးဦးစီးဌာန အဖြစ်လည်း ကောင်း ပြင်ဆင်ဖွဲ့စည်းဆောင်ရွက်ခဲ့သည်။,0,0,0,0,0,0,NULL
mya_04520dc5a00c04a6d1d4f55aaae5e13e,စကားပြေဖြင့်ရေးသားထားသော သမိုင်းများအကြောင်းကို အထူးမရေးသားတော့ဘဲ လင်္ကာစပ်ဆိုထားသောသမိုင်းရေးသားနည်းကိုဖော်ပြပေအံ့။,0,0,0,0,0,0,NULL
mya_cb5ba3576e77cd778fd4a1384312b2c6,[၁][၂] 17 August 2020 ၌ မော်ကွန်းပြန်ကြည့်စက်တွင် မော်ကွန်းတင်ပြီး .[၃] 14 January 2021 ၌ မော်ကွန်းပြန်ကြည့်စက်တွင် မော်ကွန်းတင်ပြီး .[၄] 14 December 2020 ၌ မော်ကွန်းပြန်ကြည့်စက်တွင် မော်ကွန်းတင်ပြီး .။,0,0,0,0,0,0,NULL
mya_01a843a53f089feb2e3f1292e5ebc0d0,တဖန် ၁၉၉၆ ခုနှစ်ဩဂုတ်လ ၇ ရက်နေ့မှစ၍ ကုန်သွယ်ရေးဝန်ကြီးဌာနအမည်မှ စီးပွားရေးနှင့်ကူးသန်းရောင်းဝယ်ရေးဝန်ကြီးဌာနဟူ၍ ယနေ့အထိ အမည်ပြောင်းလဲဖွဲ့စည်းခဲ့သည်။,0,0,0,0,0,0,NULL
mya_e8deef02de67139a62a4aa14fb3654ed,ဤအချိန်မတိုင်မီက ကမ္ဘာ့နိုင်ငံပေါင်းချုပ် အသင်းကြီး၏ ကမ္ဘာ့ကျန်းမာရေးအဖွဲ့က လုပ်ဆောင်ရန် ကျန်ရှိသော လှုပ်ရှားမှုများအပါအဝင် ၎င်း၏လုပ်ငန်းစဉ် လည်ပတ်မှုများမှာ ၁၉၄၆ ခုနှစ် နွေရာသီတွင် ကျင်းပသော အပြည်ပြည်ဆိုင်ရာ ကျန်းမာရေးညီလာခံပြီးနောက် ယာယီကော်မရှင်၏ ထိန်းချုပ်မှုအောက်တွင် ရှိခဲ့သည်။,0,0,0,0,0,0,NULL
mya_58eb611ca7a383344b4769384d8261b1,ရန်မာန်ပယ်ခိုင်း၊မြို့စစ်ကိုင်း၏၊သမိုင်းလင်္ကာ၊ ဂုဏ်ကိုးဖြာအား ဟူ၍လည်းကောင်း၊ ရှင်ပင်သက်တော်ရဘုရားသမိုင်းတွင် မင်္ဂလာ ထုံးဆောင်၊ကပ်လုံးပြောင်စိမ့်၊ အခေါင်သာနှိုင်း၊ တပေါင်လှိုင်း၍၊တိုင်းမြန်မာပြည်၊ သမိုင်းရှည်ဖြင့်၊ ငါးမည်အင်စုံ ဟူ၍လည်းကောင်း အသီးသီးစပ်ဆိုကြသည်။,0,0,0,0,0,0,NULL
mya_48f37c368a9dac7aa47767fd0d1a7039,ဘီဘီစီက NUG ဖက်ဒရယ်ပြည်ထောင်စုရေးရာဝန်ကြီးဌာန၊ ပြည်ထောင်စုဝန်ကြီး ဒေါက်တာ လျန်မှုန်း ဆာခေါင်းကို ဖက်ဒရယ်အသွင်ကူးပြောင်းရေး ဆိုင်ရာအစီအမံတွေ AFTA ရဲ့ Zero Draft မူကြမ်းအကြောင်း မေးမြန်းထားပါတယ်။,0,0,0,0,0,0,NULL
mya_326650361c4e55abc39b806b12cbea8f,သမိုင်းဟူသည်မှာ အတိတ်ကဖြစ်ရပ်များကိုလေ့လာမှတ်ကျောက်တင်ထားသောစာကိုဆိုလိုသည်။,0,0,0,0,0,0,NULL
mya_b335e7966773b8d8bae4a26edde14d9a,အီဂျစ်လူမျိုးတို့သည် နှစ်စဉ် နိုင်းမြစ်ရေလွှမ်းမိုးမှုအကျိုးကို အသုံးပြု၍ ရေသွင်းခြင်းများကို ပြုလုပ်နိုင်ခဲ့ပြီး တဖြည်းဖြည်းဖြင့် ဆည်မြောင်းများအား စနစ်တကျသွယ်တန်းပြီး ရေဝပ်မြေများ ပြုလုပ်ခဲ့ကြပေမည်။,0,0,0,0,0,0,NULL
mya_36566db1434c4ba3083df7badfa1cb04,ဘီးများ တီထွင်ပြီးသည်နှင့် လေးလံသော ဝန်များကို သယ်ဆောင်ရန်အလို့ငှာ ဘီးတပ်လှည်းများကို တီထွင်နိုင်မှုသည်လည်း များမကြာခဲ့ပေ။,0,0,0,0,0,0,NULL
mya_94ba1b09f5b207f7e4580115eb2c3a42,သမိုင်းဟူသည့်ပုဒ်ကိုလင်္ကာ၏ အလယ်၌သမိုင်းမှန်းသိအောင်ထည့်သွင်းစပ်ဆိုသည်လည်းရှိသည်။,0,0,0,0,0,0,NULL
mya_d9876955377066b63cd39bff986a5dc8,(ခ)ကုန်သွယ်ရေးကော်ပိုရေးရှင်း ၁၁ ခုနှင့် ယင်းတို့၏ လုပ်ငန်းစု၊ လုပ်ငန်းခွဲများ၊ ဆိုင်များနှင့် စက်ရုံအလုပ်ရုံများ။,0,0,0,0,0,0,NULL
mya_f38b4411432c86c8cf9979d024dd6dd6,ထိုအတူပင် မက်ဆိုပိုတေးမီးယားနှင့် ဆူမားရီးယန်းတို့သည်လည်း တိုက်ဂရစ်နှင့် ယူဖရေးတီးမြစ်များကို ထိုနည်းတူစွာပင် အသုံးချခဲ့ကြသည်။,0,0,0,0,0,0,NULL
mya_8f9655940f5529b5a4d789f69d54b586,သိပ္ပံနှင့် နည်းပညာ ဝန်ကြီးဌာန၏ လက်အောက်ရှိ ဦးစီးဌာနများမှာ။,0,0,0,0,0,0,NULL
mya_6d6bd9c84590556f952506643d1c1c53,ဦးသိန်းစိန် ဦးဆောင်တဲ့ အစိုးရအဖွဲဟာ အပြုသဘောဆောင်တဲ့ အပြောင်းအလဲများကြောင့် အမေရိကန် ပြည်ထောင်စုအပါအဝင် ဥရောပနိုင်ငံများ နှင့် တခြား မြန်မာနိုင်ငံအပေါ် ပိတ်ဆို့ထားသော နိုင်ငံများမှ မြန်မာနိုင်ငံအပေါ် ပိတ်ဆို့မှုတွေကို ဖယ်ရှားပေးခဲ့သည်။,0,0,0,0,0,0,NULL
mya_8b5746f5d43ad48f460a90e2353f43a2,သိပ္ပံနှင့် နည်းပညာ ဝန်ကြီးဌာန၏ လုပ်ငန်းစဉ်များအား အောက်ဖော်ပြပါအတိုင်း ကဏ္ဍအလိုက် ဆောင်ရွက်လျက်ရှိသည်။,0,0,0,0,0,0,NULL
mya_abaeecc9a756ecce348a0d89dabfa9cb,၁၉၉ဝ ပြည့်နှစ်တွင် ပြည်သူ့လွှတ်တော် ကိုယ်စားလှယ်များကို ရွေးကောက်တင်မြောက်ခဲ့သော်လည်း ယင်းကိုယ်စားလှယ်များဖြင့် ဖွဲ့စည်းသည့် အရပ်ဘက်အစိုးရ အကောင်အထည်ပေါ်လာခြင်းမရှိခဲ့ချေ။,0,0,0,0,0,0,NULL
mya_bf6995d92938d517c940892c3a1f0bc1,WHO ကို အဖွဲ့ဝင်နိုင်ငံများနှင့် အလှူရှင်များက ငွေကြေးထောက်ပံ့သည်။,0,0,0,0,0,0,NULL
mya_a0393c83cb579542229d50eca8f51b25,မြန်မာနိုင်ငံတွင် ၁၉ ရာစုမတိုင်မီက သက်ဦးဆံပိုင် ဘုရင်စနစ်ကျင့်သုံးခဲ့ပြီး မင်းဆက်ပေါင်းများစွာ အုပ်ချုပ်ခဲ့သည်။,0,0,0,0,0,0,NULL
mya_91b78609ee6156b0d0a8331fd19837a7,အဖွဲ့အစည်းသည် ဇင်ဘာဘွေနိုင်ငံအတွက် ကမ္ဘာ့ပထမဦးဆုံး တရားဝင် HIV/AIDS တူးလ်ကစ်ဒ်ခေါ် ကိရိယာ အစုံအလင်ပါသော ဆေးသေတ္တာကို အတည်ပြုထောက်ခံပေးပြီး (၂၀၀၆ ခုနှစ် အောက်တိုဘာလ ၃ ရက်နေ့မှ) နိုင်ငံတကာ စံချိန်စံညွှန်းနှင့်အညီ ပြုလုပ်ပေးထားသည်။,0,0,0,0,0,0,NULL
mya_c3fe516c1060c6c11d5894c750769a8e,ဇီဝနည်းပညာ သုတေသနဦးစီးဌာန။,0,0,0,0,0,0,NULL
mya_7f38f8b6c38bc470576d82dbfc37b894,ဟော်မုဇ်ရေလက်ကြားပြန်ဖွင့်ရေး အီရန်က ထရမ့်ကို တောင်းဆိုတဲ့ ၆ ချက်။,0,0,0,0,0,0,NULL
mya_08882737e0040875da9bad238edd0093,အမျိုးသားလွှတ်တော် အမတ်နေရာ ၂၂၄ နေရာအနက် ၁၆၈ နေရာကို ရွေးကောက်တင်မြှောက်ခဲ့သည်။,0,0,0,0,0,0,NULL
mya_ccbad59b498476b15fc1123d8fba6934,ပဲ့တင်သံ ရိုက်ခတ်သံတို့မှ စကားလုံးပေါ်ပေါက်လာခြင်း။,0,0,0,0,0,0,NULL
mya_de004bd4869ec923e2d20af4327f7bc2,သမိုင်းတလျှောက် တိုးတက်ပြောင်းလဲမှုများဖြစ်သည့် ပုံနှိပ်စက်၊ တယ်လီဖုန်း နှင့် အင်တာနက် တို့ကဲ့သို့သော နည်းပညာဖွံ့ဖြိုးမှုများကြောင့် ဆက်သွယ်ရေးတွင် ကြုံတွေ့ရသော ရုပ်ပိုင်းဆိုင်ရာအတားအဆီးများလျော့နည်းလာပြီး လူသားတို့အနေဖြင့် တစ်ကမ္ဘာလုံးအတိုင်းအတာဖြင့် ဆက်သွယ်နိုင်ကြပြီဖြစ်သည်။,0,0,0,0,0,0,NULL
mya_12de0ac2a20bf1c26885c8cdadf85aac,စာမတင်ခဲ့ရ၍ သမိုင်းမဖြစ်ခဲ့ရသည်မှာ မြန်မာနိုင်ငံတွင် ဒုနှင့်ဒေး အများအပြားဖြစ်၏။,0,0,0,0,0,0,NULL
mya_ea8301f8ec1f3d93dd8534d51b8216e1,အဆင့်မြင့်သိပ္ပံနှင့် နည်းပညာဦးစီးဌာန။,0,0,0,0,0,0,NULL
mya_4032adc1db6d9c32968d2feddc6ad23c,သို့သော်လည်း သိပ္ပံနည်းကျ လေ့လာမှုများအား ကိုယ်ပိုင် စိတ်ဖြာလေ့လာချက်အပေါ် အခြေခံပြီး ၎င်း၏ ထောက်ခံချက်အပေါ်တွင် ရပ်တည်ခဲ့သည်။,0,0,0,0,0,0,NULL
mya_a83ee62343d4c72359b9fa740f3d249a,သုတေသနနှင့် တီထွင်ဆန်းသစ်မှု ဦးစီးဌာန။,0,0,0,0,0,0,NULL
mya_1ba0e2ac81d07bf52191787c7e2d1951,ထို့ပြင် ၂၀၀၃ ခုနှစ် ဧပြီလ ၄ ရက်နေ့တွင် စတင်ကျင့်သုံးခဲ့သော ဆန်စပါး မူဝါဒအသစ်အရမြန်မာ့လယ်ယာထွက်ကုန်ပစ္စည်းရောင်းဝယ်ရေးကို နိုင်ငံတော် လိုအပ်ချက်နှင့်အညီ ပြုပြင်ဖွဲ့စည်းကာ နိုင်ငံတော်၏စီးပွားရေးကဏ္ဍတွင်ချမှတ်ပေးထားသည့် မူဝါဒများနှင့်အညီ လုပ်ငန်းတာဝန်များ ဆောင်ရွက်ခဲ့သည်။,0,0,0,0,0,0,NULL
mya_63dc2d2d3ebf30bda6683244aa6f9dc3,(၄၀၀၀ ဘီစီခန့်) သံသတ္တုစပ်များဖြစ်သော သံမဏိကဲ့သို့သော သတ္တုစပ်များကို ၁၈၀၀ ဘီစီဝန်းကျင်တွင် ပထမဆုံးအသုံးပြုနိုင်ခဲ့သည်။,0,0,0,0,0,0,NULL
mya_b2035bb4c4c62bad84f008a7a36f758c,သူမသည် နေအိမ်တွင် အကျယ်ချုပ်ဖြင့် မကြာခဏဆိုသလို ထိန်းသိမ်းခြင်း ခံနေရသည်။,0,0,0,0,0,0,NULL
mya_2d29560fa64530b6e5f1224de1fd0adb,ဤပြဋ္ဌာန်းချက်အရ ၂၀၂၁ ခုနှစ်၊ ဖေဖော်ဝါရီလ ၁ ရက်နေ့တွင် ကြေညာခဲ့သော တစ်နှစ်တာ အရေးပေါ်အခြေအနေ ကုန်ဆုံးပြီးနောက် စစ်ကောင်စီက အရေးပေါ်အခြေအနေကို ခြောက်လစီ သက်တမ်းများဖြင့် အကြိမ်ကြိမ် ထပ်မံတိုးမြှင့်ခဲ့သည်။,0,0,0,0,0,0,NULL
mya_f785b0291eb47ca04aade04782b8e079,"DKBA ရဲ့ သစ္စာ အဓိဋ္ဌာန် လေးရပ်မှာ ""ကိုယ့်ကျင့်တရားကောင်းအောင် စောင့်ထိန်းပါမည်"" ဆိုတဲ့တချက်ပါဝင်ပေမဲ့ ငွေလိမ်ဂိုဏ်းတွေနဲ့အလုပ်တွဲလုပ်ရင်း အင်အားကြီးလာခဲ့ပါပြီ။",0,0,0,0,0,0,NULL
mya_0920e26c3d9cdd4e0993d68bef7b607d,"WHO ၏ ဖွဲ့စည်းပုံအခြေခံဥပဒေအရ ""လူများအားလုံး ဖြစ်နိုင်သမျှ အမြင့်ဆုံး ကျန်းမာရေးအဆင့်အတန်းကို ရယူရေး""ဟု ၎င်း၏ ရည်ရွယ်ချက်ကို ဖော်ပြသည်။",0,0,0,0,0,0,NULL
mya_9b774e41d839f9f3bc22983415c85b60,လက်နက်တွေကုန်သွားလို့ ထရမ့်က အီရန်နဲ့အပစ်ရပ်လိုက်တာလား။,0,0,0,0,0,0,NULL
mya_8642adf9b7f579e146430dea7b1954af,၁၉၆၅ ခုနှစ်တွင် ကုန်သွယ်ရေးကောင်စီကို ဖွဲ့စည်း၍ ကုန်သွယ်ရေးကောင်စီ မှအပ်နှင်းထားသော လုပ်ပိုင်ခွင့်များကို ကျင့်သုံးပြီး အစိုးရအဖွဲ့၏ အတည်ပြုချက်အရအောက်ဖော်ပြပါ ကုန်သွယ်ရေးအဖွဲ့အစည်းများ ကိုဖွဲ့စည်း၍ ပြည်တွင်းပြည်ပကုန်သွယ်ရေးများကို ဆောင်ရွက်ခဲ့သည်-။,0,0,0,0,0,0,NULL
mya_c6a082ea9d20d2b431fb7d7eb48fbf73,မြန်မာနိုင်ငံတွင် လွတ်လပ်သည့်တရားစီရင်ရေး မရှိသည့်အပြင် စစ်အစိုးရသည် နိုင်ငံရေးအရ အတိုက်အခံပြုခြင်းကို သည်းခံခြင်းမရှိချေ။,0,0,0,0,0,0,NULL
mya_d75ab7fa3ce3b732ee331dc98b2a44ea,"နိုင်ငံပေါင်း 70 မှ အသက် 18+ နှစ်ရှိ ဖြေကြားသူ 308,000 ဦးနှင့် အသက် 50+ နှစ်ရှိ ဖြေကြားသူ 81,000 ဦးတို့ပါဝင်သော ကမ္ဘာ့ကျန်းမာရေးစစ်တမ်းနှင့် 23 နိုင်ငံတို့မှ အသက် 50+ ရှိသောသူ 50,000 တို့ပါဝင်သော ကမ္ဘာလုံးဆိုင်ရာ ဇရာနှင့် အရွယ်ရောက်သူများ ကျန်းမာရေး လေ့လာမှု(SAGE) တို့အပါအဝင် အချက်အလက် ကောက်ယူမှု လမ်းစဉ်အမျိုးမျိုးမှတဆင့် လိုအပ်လျက်ရှိသော ကျန်းမာရေးနှင့် ကိုယ်စိတ်နှစ်ဖြာ ချမ်းသာမှု သက်သေသာဓကကို ထောက်ပံ့ပေးရန် ကမ္ဘာ့ကျန်းမာရေးအဖွဲ့ကြီး၏ ကျန်းမာရေး လေ့လာမှုများအုပ်စုက လုပ်ဆောင်လျက်ရှိသည်။",0,0,0,0,0,0,NULL
mya_34ff5b2e43010928d3908c401de64470,အပြည်ပြည်ဆိုင်ရာ ငွေကြေးရန်ပုံငွေအဖွဲ့ IMF။,0,0,0,0,0,0,NULL
mya_5c4bcf05998985669fd2f16f511a5487,ထို့ပြင် နိုင်ငံတော်စီမံအုပ်ချုပ်ရေးကောင်စီ (နစက) အတွင်းရေးမှူး ဒုတိယဗိုလ်ချုပ်ကြီး အောင်လင်းဒွေးနှင့် တွဲဖက်အတွင်းရေးမှူး ဒုတိယဗိုလ်ချုပ်ကြီး ရဲဝင်းဦးတို့ကို အထူးဖိတ်ကြား၍ တက်ရောက်စေခဲ့သည်။,0,0,0,0,0,0,NULL
mya_7515d769e33dfb882ea23c0ee75be548,အဏုမြူစွမ်းအင်ဦးစီးဌာနသည် စက်ရုံ၊ အလုပ်ရုံများနှင့် ကုသရေးစင်တာများတွင် ဓာတ်ရောင်ခြည်အန္တရာယ်ကင်းရှင်းစေရေး၊ နျူကလီးယားနှင့် ဓာတ်ရောင်ခြည်ဆိုင်ရာ သုတေသနများ ဖွံ့ဖြိုးတိုးတက်ရေးတို့ကို အကောင်အထည်ဖော် ဆောင်ရွက်သည်။,0,0,0,0,0,0,NULL
mya_582032f8a2900bdeb6976d31d8a73855,စိတ်ဝင်စားစရာကောင်းသည့် အချက်မှာ လူသားတို့၏ ဘာသာစကားနှင့် နှိုင်းယှဉ်ကြည့်ပါက၊ လူသားတို့ကဲ့သို့ ပန်းသီးကို တွေ့ပါက အမြဲတစေ ပန်းသီးဟု သော အသံထွက်ဖြင့် သတ်မှတ်ဖော်ပြနိုင်သော အာရုံဖြင့်ဆင်ခြင်ဆုံးဖြတ်နိုင်ခြင်း စွမ်းရည် နည်းပါးသော်လည်း ကျင်လည်ကျက်စားရာပတ်ဝန်းကျင်နှင့် အရိုင်းသက်သက် ရှိသောသူတို့၏ ဦးနှောက်တွင် ဖြစ်ပေါ်ထင်ဟပ်သည့် အတန်အသင့် မြင့်မားသောအဆင့်ရှိ သင်ကြားစရာမလိုပဲ တတ်သော ထုတ်ဖော်ပြသတတ်မှု ပညာဖြင့် ဆက်သွယ်မှုပိုများကြခြင်းပင်ဖြစ်သည်။,0,0,0,0,0,0,NULL
mya_9cc2b43ae07f9265eb6a6cd7af412d74,ဒြပ်ပစ္စည်းသိပ္ပံနှင့် ဒြပ်ပစ္စည်းအင်ဂျင်နီယာ သုတေသနဦးစီးဌာန။,0,0,0,0,0,0,NULL
mya_ff67921769c632804cfe6d5ee154512c,သိအောင်ပြုရမည်ဟု ဆိုလိုသည်။,0,0,0,0,0,0,NULL
mya_18a4465fb1b1c63392318682b55b7e42,ဥပမာအားဖြင့် သိပ္ပံပညာသည် အီလက်ထရွန်များစီးဆင်းမှုနှင့် လျှပ်စစ်ကွန်ဒက်တာများ(electrical conductor)ကို ယခင်ရှိနှင့်ပြီးသား ကိရိယာများနှင့် အသိပညာများကို အသုံးပြု၍ လေ့လာရခြင်းဖြစ်သည်။,0,0,0,0,0,0,NULL
mya_1004b002ee64f3e88156e4627fa82b7e,အမျိုးသားညီညွတ်ရေးအစိုးရ(NUG) ရဲ့ မန္တလေးတိုင်း ပြည်သူ့ကာကွယ်ရေးတပ်ဖွဲ့တာဝန်ခံ ကိုဝဏ္ဏအောင် (ခေါ် )ကိုဏကြီး ဖမ်းဆီးထိန်းသိမ်းခံထားရတယ်ဆိုတဲ့နောက် စစ်ရေးနဲ့လုံခြုံရေးကျိုးပေါက်မှုတွေဖြစ်လာမှာကို စိုးရိမ်ချက်တွေရှိလာပါတယ်။,0,0,0,0,0,0,NULL
mya_52392f7271e3214c1ff6a12fc40831ae,အဆိုပါရလဒ်များအရ အမျိုးသားဒီမိုကရေစီအဖွဲ့ချုပ်အနေဖြင့် သမ္မတ တစ်ဦးကို ရွေးချယ်နိုင်ပြီ ဖြစ်သည်။,0,0,0,0,0,0,NULL
mya_537cf775db7e57253d026dde44435709,သမိုင်းမဝင်၊ စာမတင်၊ ရွာပင်မခေါ်ရ ဟူသော စကားတစ်ရပ် ရှိသည်။,0,0,0,0,0,0,NULL
mya_4d2ec39401b657680d836741a831b6fa,၁၉ ရာစု နှောင်းပိုင်းတွင် ဗြိတိသျှတို့၏ နယ်ချဲ့ခြင်းကို ခံခဲ့ရပြီး ၁၉၄၇ ခုနှစ်ထိ ဗြိတိသျှကိုလိုနီအစိုးရ၏ လက်အောက်ခံအဖြစ် ရပ်တည်ခဲ့သည်။,0,0,0,0,0,0,NULL
mya_7f3b12068fbc5cb2820ef46f3e680c92,လင်္ကာစပ်ဆိုနည်းများ အတိုင်းရေး သွားသည်။,0,0,0,0,0,0,NULL
mya_fc40f4b4bf9abf27c66c0d9033bd0903,ပွာတိုရီကို(Puerto Rico)နှင့် တိုကေလော (Tokelau)။,0,0,0,0,0,0,NULL
mya_4d3c25bde697d2ea5b001c6cee453ff7,ပအိုဝ်း ကိုယ်ပိုင်အုပ်ချုပ်ခွင့်ရဒေသ။,0,0,0,0,0,0,NULL
mya_8c1684f408e9b3cd8c8634ccc3abdf62,"ကမ္ဘာ့ကျန်းမာရေးအဖွဲ့ (World Health Organization, WHO) သည် ကုလသမဂ္ဂ (UN) ၏အထူးအေဂျင်စီ တစ်ခုဖြစ်ပြီး အပြည်ပြည်ဆိုင်ရာ ပြည်သူ့ကျန်းမာရေး အတွက် ညှိနှိုင်းဆောင်ရွက်ရေး အာဏာပိုင်အဖြစ် ဆောင်ရွက်သည်။",0,0,0,0,0,0,NULL
mya_3fc9157ee57410ba72f452eec2577280,သဘာဝသည် ယေဘုယျအားဖြင့် ရုပ်စကြဝဠာ၏ လောကဓမ္မ (Phenomena) နှင့် သက်ရှိဘာဝတို့ကို ရည်ညွှန်းသည်။,0,0,0,0,0,0,NULL
mya_91836765d11a7df52c61f5837330f381,သဘာဝ သည် သဘာဝလွန် ဖြစ်ရပ်များနှင့် ခြားနားသည်။,0,0,0,0,0,0,NULL
mya_d221021c934db03e61ff6a5ccdf6c093,နာဂ ကိုယ်ပိုင်အုပ်ချုပ်ခွင့်ရဒေသ။,0,0,0,0,0,0,NULL
mya_08dacebecc8cb819713c30a6d9e16b6e,မကြာသေးခင်နှစ်များက WHO ၏ လုပ်ငန်းများတွင် ပူးပေါင်းဆောင်ရွက်မှုများ ပိုမိုပါဝင်လာသည်။,0,0,0,0,0,0,NULL
mya_b02b209e0ba0d737ca7bd708d09c73f9,ဤအစီရင်ခံစာကြောင့် သကြားထုတ်လုပ်ရေး လုပ်ငန်းက ထောက်ခံချက်ကို ဆန့်ကျင်၍ ဥပဒေပြဋ္ဌာန်းသူများအား အရေးဆိုမှု ဖြစ်ပေါ်ခဲ့သည်။,0,0,0,0,0,0,NULL
mya_457b4b47a7bbc669a3a945e8ef90f9aa,အထွေထွေ ယဉ်ကျေးခြင်း (၂၁) မျိုး။,0,0,0,0,0,0,NULL
mya_222a9ec81c5c107d75217d6ec7a7db47,သို့ပေမယ့် ရာထူးအဆင့်လိုက်အုပ်ချုပ်သော လူ့အဖွဲ့အစည်းပုံသဏ္ဌာန်များနှင့် နယ်ပယ်အလိုက်ကျွမ်းကျင်သောလုပ်သားများ၊ အိမ်နီးချင်းလူ့အဖွဲ့အစည်းအချင်းချင်း ကုန်သွယ်မှုနှင့် စစ်ပွဲများ၊ ပတ်ဝန်းကျင်ရာသီဥတု၏ စိန်ခေါ်မှုများကို ကျော်လွှားနိုင်ရန် ဆည်မြောင်းစနစ်ကဲ့သို့ စုဆောင်းမှုလုပ်ငန်းများ အစရှိသော အကြောင်းအချက်တို့ အားလုံးသည်ပင်လျှင် အဓိကအကြောင်းအရာများအဖြစ် ပါဝင်ခဲ့ကြသည်။,0,0,0,0,0,0,NULL
mya_46e785b42c495f0b0844a97346254cae,၂၀၁၈ နိုဝင်ဘာလတွင်မူ ဝန်ကြီးဌာန ၂၅ခုအထိ ရှိခဲ့သည်။,0,0,0,0,0,0,NULL
mya_92009a164a28ed25d2dd6a43725cf3ac,ရှေးဟောင်းသုတေသနပညာရှင်များ အလိုအရ ဘီးကို ဘီစီ ၄၀၀၀ ခန့်ဝန်းကျင်တွင် မက်ဆိုပိုတေးမီးယား၊ ကော့ကေးဆပ်မြောက်ပိုင်းနှင့် ဗဟိုဥရောပ အစရှိသော ဒေသတို့တွင် အမှီအခိုကင်းစွာဖြစ် ဆက်တိုက်ဆိုသလို အသီးသီး ပေါ်ပေါက် အသုံးပြုလာနိုင်ခဲ့ကြသည်။,0,0,0,0,0,0,NULL
mya_a129767172bb3bb9fbc64361360cb69c,မြန်မာနိုင်ငံသည် နိုင်ငံတကာခုံရုံး၏ ဩဇာသက်ရောက်မှုကို အကြွင်းမဲ့လက်မခံပါ။,0,0,0,0,0,0,NULL
mya_e1a7ec490385674e01448d7dc2b2284b,ဤကောင်စီသည် ဝန်ကြီးချုပ်ဦးဆောင်သည့် ဝန်ကြီးအဖွဲ့ကို ကွပ်ကဲသည်။,0,0,0,0,0,0,NULL
mya_bbfdae1f82093fea675ca0dc47c0edd8,၂၀၁၁ ခုနှစ် အရပ်သားအစိုးရတက်လာပြီးနောက်ပိုင်းတွင် တရားစီရင်ရေး ဆိုင်ရာတွင်လည်း ပြောင်းလဲမှုများ ဖြစ်ပေါ်ခဲ့သည်။,0,0,0,0,0,0,NULL
mya_5ecae4cbfbd1b6dd45894f53da8e23fe,သိပ္ပံ၊ အင်ဂျင်နီယာပညာရပ်နှင့် နည်းပညာအကြား သီခြားဂုဏ်ရည်တို့သည် အမြဲ ရှင်းရှင်းလင်းလင်း မရှိချေ။,0,0,0,0,0,0,NULL
mya_f3bbd3c33df078ed1b7dde46b01ed448,အမတ်နေရာ ၄၉၂ နေရာရှိသည့် ပြည်သူ့လွှတ်တော်ကို လေးနှစ်တစ်ကြိမ် ခေါ်ယူသည်။,0,0,0,0,0,0,NULL
mya_2caaf1d596597c890a2de28063ee9176,သမိုင်းဝင်ပါလျက် စာမတင်၍လည်း သမိုင်းအစပျောက်ကာ နောက်လူတို့ မသိမမြင်ကြရသည်ကလည်း ရှိပေသည်။,0,0,0,0,0,0,NULL
mya_a6d7473460a7aaea2016e0cfbb4b811e,နည်းပညာ၊ သက်မွေးပညာနှင့် လေ့ကျင့်ရေးဦးစီးဌာန၏ ကွပ်ကဲမှုဖြင့် သက်မွေးသင်တန်းကျောင်း (၇) ခု၊ နည်းပညာအထက်တန်းကျောင်း (၃၅) ခု၊ အစိုးရစက်မှုလက်မှုသိပ္ပံ (၂၅) ခုနှင့် အစိုးရနည်းပညာကောလိပ် (၃) ခုတို့မှ ကျွမ်းကျင်လုပ်သားများနှင့် နည်းပညာရှင်များကို မွေးထုတ်ပေးသည်။,0,0,0,0,0,0,NULL
mya_13ea76b635bb323806bb1daaadd496a2,ထိုလူများ ညှိနှိုင်းသတ်မှတ်ထားသော ဝေါဟာရထု (စကားလုံးများ ကိုယ်တိုင်) နှင့်။,0,0,0,0,0,0,NULL
mya_1eb9d7dc3a289cde9f7ac695d47562a2,မိုးမခလမ်း၊ (၄၆) ရပ်ကွက်၊ ဒဂုံမြို့သစ် မြောက်ပိုင်း၌ နေထိုင်လျက်ရှိပြီး စာအုပ်စာပေ များကို ရေးသား ပြုစုသည်။,0,0,0,0,0,0,NULL
mya_8d84852328dc29e161ecfebeeb2d75a5,ကရင်မှာ DKBA ဘာကြောင့် အင်အားကြီးလာလဲ။,0,0,0,0,0,0,NULL
mya_0e0a9739b2b87607c57fb32d745556f9,၁၉၅၆ ခုနှစ်၊ ဇွန်လ ၁၈ ရက်နေ့တွင် ထောက်ပံ့ရေးနှင့် သမဝါယမဝန်ကြီးဌာနမှ ထောက်ပံ့ရေးအပိုင်းကို ခွဲထုတ်၍ ကုန်သွယ်မှုတိုးတက်ရေးဝန်ကြီးဌာနသို့ ထည့်သွင်းပြီး ကုန်သွယ်ရေးဝန်ကြီးဌာနအဖြစ် ပြန်လည်ဖွဲ့စည်းခဲ့သည်။,0,0,0,0,0,0,NULL
mya_8efe3cb2473967b8cb13b1cfd6412d93,စစ်ကိုင်းတိုင်းအတွင်းက အမျိုးသားညီညွတ်ရေးအစိုးရ(NUG) ရဲ့ ထိန်းချုပ်နယ်မြေတွေမှာ ဖြစ်ခဲ့တဲ့ လိင်ပိုင်းဆိုင်ရာအကြမ်းဖက်မှုတွေဟာ တရားစီရင်ရေး ခေါင်းစဉ်အောက်မှာ တုံ့ဆိုင်းနေဆဲဖြစ်ပါတယ်။,0,0,0,0,0,0,NULL
mya_94b3a815df5806037d5744cf2b2bf74d,၂၀၂၃ ခုနှစ် ဧပြီလ ၁၈ရက်နေ့ တွင် ရန်ကုန်တိုင်းဒေသကြီး ဒဂုံမြို့သစ်(မြောက်ပိုင်း)မြို့နယ်၊၄၆ရပ်ကွက်၊မိုးမခလမ်းရှိ နေအိမ် ၌ လူကြီးရောဂါဖြင့် ကွယ်လွန်သည်။,0,0,0,0,0,0,NULL
mya_8e88e3f52fbfe9025f66019e7386d746,တိုးတက်သောနည်းပညာများသည် မီးပြင်ဖိုများ၊ ဖားဖိုများပြုလုပ်နိုင်ခဲ့ပြီး သဘာဝအတိုင်းတွေ့ရှိရသောသတ္တုများ (သဘာဝအတိုင်း သန့်စင်သည့်အနေအထားဖြင့် တွေ့ရသော သတ္တုများ)ကို ကျိုခြင်းနှင့် သွင်းလောင်းခြင်းများ ပြုလုပ်နိုင်ခဲ့သည်။,0,0,0,0,0,0,NULL
mya_9a536d12023f4e99e86f573b03c5a97d,KIA စစ်ဗျူဟာအတွက် အရေးကြီးတဲ့ မိုးမိတ်ကို စစ်တပ်က ထိန်းချုပ်ဖို့ ကြိုးပမ်း။,0,0,0,0,0,0,NULL
mya_41df755ba07eeb1a2c5479f177573150,"နည်းပညာ(Technology )ဟူသောအသုံးအနှုန်း၏ မူလအစမှာ ဂရိစကား""Technologia"" ဖြစ်သည်။",0,0,0,0,0,0,NULL
mya_e6771b0acfb1be07949f5b2d0f7c9762,၂၀၁၅ ခုနှစ်တွင် အထွေထွေရွေးကောက်ပွဲ ကျင်းပကာ ဒေါ်အောင်ဆန်းစုကြည် ဦးစီးသည်. 'အမျိုးသားဒီမိုကရေစီအဖွဲ့ချုပ်' တောင်ပြိုကမ်းပြို အနိုင်ရရှိခဲ့သည်။,0,0,0,0,0,0,NULL
mya_e9781036439242bb3f2580d25d3b9534,၁၉၅၅-ခုနှစ်တွင် မော်လမြိုင်မြို့ အမှတ်(၁)အစိုးရအထက်တန်းကျောင်း၌ အထက်တန်းပြ ဆရာမအဖြစ် အမှုထမ်း၍ ၁၉၆၅-ခုနှစ်တွင် ရန်ကုန်မြို့၊ကြည့်မြင်တိုင် အမှတ်(၃)အစိုးရအထက်တန်းကျောင်း၊ တာမွေမြို့နယ် အမှတ်(၃)အစိုးရအထက်တန်းကျောင်း၊ အင်းစိန်မြို့နယ် အမှတ်(၄)အစိုးရအထက်တန်းကျောင်းတို့တွင် အမှုထမ်းခဲ့သည်။,0,0,0,0,0,0,NULL
mya_086ceccc0767866957a496b8911bb29b,လက်ရှိ ပြည်ထောင်စုဝန်ကြီးမှာ ဒေါက်တာ မျိုးသိန်းကျော် ဖြစ်ပြီး၊ ဒုတိယဝန်ကြီးမှာ ဒေါက်တာ နေခြည်လဲ့လဲ့သိန်း ဖြစ်သည်။,0,0,0,0,0,0,NULL
mya_5fc8edef00887d4cee6d78c5ddaa862e,စိမ့်-ပညာရေး(၁၉၃၁-၂၀၂၃) သည် မြန်မာနိုင်ငံသား စာရေးဆရာမ တစ်ဦးဖြစ်ပြီး စာရေးဆရာ တက္ကသိုလ်စိန်တင်၏ ဇနီးလည်းဖြစ်သည်။,0,0,0,0,0,0,NULL
mya_3d0a9e9734e8dff3a5e45c8857e5067c,ယဉ်ကျေးမှု ဆိုသည်မှာ အဓိကအားဖြင့် ၃ မျိုးအား ရည်ညွှန်းပြောဆိုကြသည်။,0,0,0,0,0,0,NULL
mya_19e23650758bda2764eb39c5c7f0c2fc,ကုလသမဂ္ဂ စားနပ်ရိက္ခာနှင့် စိုက်ပျိုးရေးအဖွဲ့ FAO။,0,0,0,0,0,0,NULL
mya_05c25132c12ca4403b521020c710d974,သို့သော်လည်း ၁၉၈၈ ခုနှစ် ဆန္ဒပြမှုများက ၁၉၉ဝ ပြည့်နှစ်ရွေးကောက်ပွဲ ဖြစ်မြောက်ရေးအတွက် လမ်းခင်းပေးခဲ့သည်။,0,0,0,0,0,0,NULL
mya_c8f4aa564dbf7972fb3da687ad2dd92d,လက်ရှိတွင် ထိုကဲ့သို့ အစုစပ်လုပ်ငန်းပေါင်း 80 ခန့်ကို NGO များနှင့် ဆေးဝါးထုတ်လုပ်ရေးလုပ်ငန်းများ၊ ဘီလ်နှင့်မယ်လင်ဒါဂိတ်စ်ဖောင်ဒေးရှင်း နှင့် ရော့ကဖဲလားဖောင်ဒေးရှင်း ကဲ့သို့သော ဖောင်ဒေးရှင်းများနှင့် ပူးပေါင်းဆောင်ရွက်လျက်ရှိသည်။,0,0,0,0,0,0,NULL
mya_52db739ddb07559d2b7edbd94d5a4a2e,"သမိုင်းဟူသည် သိမှတ်ဖွယ်ရာ စာပေ, ကဗျာဖြစ်၍ မသိမဖြစ်၊ သိကိုသိရမည့်၊ မှတ်ကို မှတ်ရမည့် အကြောင်းအရာများပင် ဖြစ်သည်။",0,0,0,0,0,0,NULL
mya_65668bc49c00b6d97360dc2698e08c24,ပြင်သစ်ရှိ ကူးစက်တတ်သော ရောဂါပိုးများ ရှာဖွေလေ့လာရေးဆိုင်ရာ ဝန်ဆောင်မှု၏ အပြည်ပြည်ဆိုင်ရာ ပြည်သူ့ တစ်ကိုယ်ရေသန့်ရှင်းရေး ကျန်းမာရေးရုံး (Office International d'Hygiène Publique) သည် ကမ္ဘာ့ကျန်းမာရေးအဖွဲ့ကြီး၏ ယာယီကော်မရှင်နှင့် ၁၉၄၇ ခုနှစ် ဇန်နဝါရီလ ၁ ရက်နေ့တွင် ပူးပေါင်းခဲ့သည်။,0,0,0,0,0,0,NULL
mya_103ff25ccad57e7b9b28554312315d3b,ကိုဆိုပုဂံမြို့ရှိဂူဘုရားစဉ်သမိုင်းလင်္ကာ၌မဉ္ဇူဘုန်းတော်၊ သောင်း လုံးကျော်သည်၊ ထိပ်ပေါ်အထွတ်၊ရွှေနားညွတ်လော့၊ ရိမဒ်ပေါက္ကံ၊ တမ္ပဝတီ၊ သီရိပစ္စယာ၊ ပုဏ္ဏဂါမ၊ပုဂါမမည်၊ ဤငါးပြည်၌၊ ဆက်ရှည်စံပယ်၊ ငါးဆယ်နှင့်ငါး၊ နရဖျားတို့၊တည်ထားပြုစု၊ ကောင်းမှုစေ့မျိုး၊ကြဲစိုက်ပျိုးသည်၊ ပုထိုးစေတီ၊လက်ချောင်းစီသို့ရ၍ ဤဖွယ်တည့်၊ များစွာရှိလည်း၊ တွေ့မိသ၍၊ မစုံစေ့ခဲ့၊ ဘုန်းဟေ့နတ်လူ၊ဉာဏ်တံချူဖြင့်၊ ဆွတ်ယူစိမ့်ငှာ၊ထိပ်ချာတင်ရွက်၊ သီကုံးဆက်သည်၊ရွှေခွက်သောတာရုံဘုရားဟူ၍ဖြစ်သည်။,0,0,0,0,0,0,NULL
mya_f701700559b545167fb603cabc6901e0,အစောပိုင်းလူသားများ၏ လက်နက်ကရိယာများ အသုံးပြုခြင်းသည် စူးစမ်းရှာဖွေမှုနှင့် ဆင့်ကဲပြေောင်းလဲတိုးတက်မှုဖြစ်စဉ်များ၏ အစိတ်အပိုင်းတစ်ခုဖြစ်ခဲ့သည်။,0,0,0,0,0,0,NULL
mya_130aa83ab9692d2a098c9b0a731b1c9d,NUG မန်းတိုင်း(ပကဖ)တာဝန်ခံ မိုင်းလားနယ်ထဲ ဘယ်လိုဖမ်းဆီးခံခဲ့ရသလဲ။,0,0,0,0,0,0,NULL
mya_6de5e60412331be66fbbfebb4258e7c2,၂၀၁၀ ခုနှစ်တွင် နိုင်ငံတော်ဝန်ကြီးချုပ် ဗိုလ်ချုပ်ကြီးသိန်းစိန် ဦးဆောင်ကာ 'ပြည်ထောင်စုကြံ့ခိုင်ရေးနှင့်ဖွံ့ဖြိုးရေးအသင်း' ကို 'ပြည်ထောင်စုကြံ့ခိုင်ရေးနှင့်ဖွံ့ဖြိုးရေးပါတီ' အဖြစ်ပြောင်းလဲကာ ၂၀၁၀ အထွေထွေရွေးကောက်ပွဲကို ကျင်းပခဲ့သည်။,0,0,0,0,0,0,NULL
mya_531956de38cc6d97c688a1f1987bb918,ဘုရင့်နောင် - အကျယ်ဆုံး မြန်မာ လက်နက်နိုင်ငံရှင်၊ ကမ္ဘာ့အမွေအနှစ် ခေါင်းလောင်းစာ ရေးထိုးခဲ့သူ။,0,0,0,0,0,0,NULL
mya_5c1884893a7573f7afba1c89d2ee248d,အီရန်နဲ့ အိုမန်တို့က ဟော်မုဇ်ရေလက်ကြား ပြန်လည်ဖွင့်လှစ်ရေး ဆွေးနွေးမှုတွေဟာ “အခြေအနေကောင်းတယ်” လို့ ပြောထားပေမဲ့ အခုတော့ အီရန်က အမေရိကန်ဘက်ကို တောင်းဆိုချက် ၆ ခု ထုတ်ပြန်လိုက်ပါတယ်။,0,0,0,0,0,0,NULL
mya_d8dd68f2f342f8074e647d12d1f0ec37,၂၀၁၀ ရွေးကောက်ပွဲအရ လွှတ်တော်အစည်းအဝေးများကို၂၀၁၁ ခုနှစ် ဖေဖော်ဝါရီလ (၁) ရက်နေ့တွင် စတင်ကျင်းပခဲ့သည်။,0,0,0,0,0,0,NULL
mya_f04b8ec5e1544dfd807495b72c85e7fa,ဒေတာသုံးစွဲမှုနည်းသည့် ဆိုက်ကိုသွားရန်။,0,0,0,0,0,0,NULL
mya_e185391c2089c03f9bee76f6a61f2595,မြန်မာနိုင်ငံရှိ ဝန်ကြီးဌာနများတွင် စီးပွားရေး၊ ကုန်သွယ်ရေးကိစ္စရပ်များနှင့်ပတ်သက်၍ စီးပွားရေးနှင့် ကူးသန်း ရောင်းဝယ်ရေးဝန်ကြီးဌာန ဟူ၍ ပြည်ထောင်စုအဆင့် ဝန်ကြီးဌာန တစ်ရပ်ကို ထားရှိသည်။,0,0,0,0,0,0,NULL
mya_c5240cdf8253fb8c6c4c9e0e4a0eb7d3,ဖြစ်စဉ်သမိုင်းကမူ ရွှံ့အိုင်အတွင်း၌ အနားယူနေသော ပတ္တမြား ရတနာသဖွယ် ဖြစ်ရာသည်။,0,0,0,0,0,0,NULL
mya_5b81a72880a8494065cff9a3f0736081,အမျိုးသားကာကွယ်ရေးနှင့် လုံခြုံရေးကောင်စီအစည်းအဝေးသို့ ယာယီသမ္မတ ဦးမြင့်ဆွေ၊ ဒုတိယသမ္မတ ဦးဟင်နရီဗန်ထီးယူ၊ ပြည်သူ့လွှတ်တော်ဥက္ကဋ္ဌ ဦးတီခွန်မြတ်၊ တပ်မတော်ကာကွယ်ရေးဦးစီးချုပ် ဗိုလ်ချုပ်မှူးကြီး မင်းအောင်လှိုင်၊ ဒုတိယတပ်မတော်ကာကွယ်ရေးဦးစီးချုပ် ဒုတိယဗိုလ်ချုပ်မှူးကြီး စိုးဝင်းတို့ တက်ရောက်ခဲ့ကြသည်။,0,0,0,0,0,0,NULL
mya_4848d80d31c7c17e79008d80b6cd811f,ပမာနအားဖြင့် အဏုမြုမှုန် (subatomic) မှ မဟာစကြဝဠာ (Cosmos)ထိ ပါဝင်သည်။,0,0,0,0,0,0,NULL
mya_1fbae8f702636456b8d9a6103d5b86a6,ကမ္ဘာစိတ်ကျန်းမာရေးစစ်တမ်းများ(World Mental Health Surveys)၊ WHO ဘဝတန်ဖိုးစာတမ်း(WHO Quality of Life Instrument)၊ WHO မသန်မစွမ်းမှု အကဲဖြတ်ခြင်း အတိုင်းအတာများ (WHO Disability Assessment Scales) တို့သည် အခြား ကျန်းမာရေး၊ ၎င်းနှင့် ဆက်စပ်လျက်ရှိသော နယ်ပယ်များဆိုင်ရာ အချက်အလက်များ ကောက်ယူရာတွင် လမ်းညွှန်မှုပေးပါသည်။,0,0,0,0,0,0,NULL
mya_4f3b2130cde83d122421de58f21c6d9e,အချို့ကလည်း သမိုင်းသည်သံပိုင်းနှင့်သဘောချင်းတူပြီးလျှင် သံပိုင်းမှသမ္ပိုင်း၊ သမိုင်းဖြစ်လာသည်ဟုဆိုကြသည်။,0,0,0,0,0,0,NULL
mya_fe3b87be4c9847380de88509c694d94f,ထို့ကြောင့် မြန်မာနိုင်ငံတွင် သမိုင်းဟူသည် မြန်မာစာပေ၌ အရေးကြီးသော အပိုင်းတစ်ပိုင်းအဖြစ် ပါဝင်လာရသည်။,0,0,0,0,0,0,NULL
mya_8692a3f8b3552916946af85bed679e65,United Nations Economic and Social Commission for Asia and the Pacific (ESCAP)။,0,0,0,0,0,0,NULL
mya_139186728868f71c18e4ac27bfff8151,၁၉၄၈ ခုနှစ် ဧပြီလ ၇ရက်နေ့တွင် ပြဋ္ဌာန်းပြီး ဌာနချုပ်မှာ ဆွစ်ဇာလန်နိုင်ငံ ဂျီနီဗာမြို့တွင် ရှိသည်။,0,0,0,0,0,0,NULL
mya_159fc2983d9f61ed808639b94e2bd9f8,ဓနု ကိုယ်ပိုင်အုပ်ချုပ်ခွင့်ရဒေသ။,0,0,0,0,0,0,NULL
mya_cfb99d3c2f08116a30dbd86058634baf,ဥပဒေများ ရေးဆွဲအတည်ပြုရေးကဏ္ဍ။,0,0,0,0,0,0,NULL
mya_634fa4ea50f9fc38bdde0b292b5c0416,မြန်မာနိုင်ငံ လွတ်လပ်ရေးရရှိသည့်အခါ ကူးသန်းရောင်းဝယ်ရေး၊ထောက်ပံ့ရေးနှင့် သယ်ယူပို့ဆောင်ရေးဝန်ကြီးဌာနအဖြစ်ပြန်လည်ဖွဲ့စည်းခဲ့သည်။,0,0,0,0,0,0,NULL
mya_c25ec2cca2fd8ff04baf8e60d36a639f,သိပ္ပံနှင့်နည်းပညာဝန်ကြီးဌာနသည် နိုင်ငံတော်၏ လုပ်ငန်းခွင်များအတွက် လိုအပ်သော ပညာရှင်များနှင့် နည်းပညာရှင်များ မွေးထုတ်ပေးရန်၊ နည်းပညာဖွံ့ဖြိုးတိုးတက်စေရန်နှင့် သုတေသနလုပ်ငန်းများ ဆောင်ရွက်ရန်အတွက် ဝန်ကြီးရုံးနှင့် ဦးစီးဌာန (၇) ခုဖြင့် လုပ်ငန်းများကို အကောင်အထည်ဖော် ဆောင်ရွက်လျက်ရှိသည်။,0,0,0,0,0,0,NULL
mya_fef864038190548efb9348f4009f09ac,ပုံစံအားဖြင့်စစ်ကိုင်းမြို့ သမိုင်းလင်္ကာတွင်။,0,0,0,0,0,0,NULL
mya_22bc995faade33620750031e7a88c5e7,သိပ္ပံပညာသည် စောင့်ကြည့်လေ့လာခြင်းနှင့် လက်တွေ့လေ့လာခြင်းတို့မှ ရရှိလာသော ကမ္ဘာကြီး၏ သဘာဝနှင့် ရုပ်ဝတ္တုပိုင်းဆိုင်ရာတို့၏ စနစ်တကျတည်ရှိသော အသိပညာဖြစ်သည်။,0,0,0,0,0,0,NULL
mya_c1384b5b83744c1e9668564549ebbb80,မြန်မာ့နန်းစဉ်ရတနာ ပတ္တမြားငမောက်။,0,0,0,0,0,0,NULL
mya_aaa24b2df7aac579c63a9261bc01d823,အဝတ်အထည်များသည် အမဲလိုက်၍ရသော တိရစ္ဆာန်များ၏ သားမွေးနှင့် သားရေများကို လိုက်လျောညီထွေမှုရှိအောင် ပြင်ဆင်ခြင်းမှ ရရှိလာခဲ့ပြီး အအေးပိုသောဒေသများသို့ လူသားများပျံနှံခြင်းကို အထောက်အကူပေးနိုင်ခဲ့သည်။,0,0,0,0,0,0,NULL
mya_dd043e1fba9959e3dfac7dc19a7ad1d3,လူတို့ဖန်တီးသော အရာများ လူတို့ရှိ ပေါင်းဖွဲ့ခြင်းများကို သဘာဝ ဟု အသုံးအနှုန်းတွင် မပါဝင်ပေ။,0,0,0,0,0,0,NULL
mya_1300f4777b6b860a4694297db4072a84,အပြည်ပြည်ဆိုင်ရာအိုလံပစ်ကော်မတီ IOC။,0,0,0,0,0,0,NULL
mya_ef09df1e5c6718698817aa42c1adfedc,ဆေးဝါးကုသခြင်း လက်တွေ့ စမ်းသပ်မှုပေါင်း ၄၀ ကျော် ပြီးမြောက်ခဲ့ပြီး သို့မဟုတ် အဆက်မပြတ် လုပ်ဆောင်နေဆဲ ဖြစ်သည်။,0,0,0,0,0,0,NULL
mya_2732e0dde01e02858f1423e3319f414e,၂၀၂၆ မိုးကာလ - ရန်ကုန်မှာ ပြင်းထန်ဝမ်းပျက်ဝမ်းလျှောဘာကြောင့်ဖြစ်။,0,0,0,0,0,0,NULL
mya_4960790e2057b2e84b5d93fe5453b6f3,ပြည်သူ့လွှတ်တော် အမတ်နေရာ ၄၄၀ အနက် ၃၃၀ ကို ရွေးကောက်တင်မြှောက်ခဲ့သည်။,0,0,0,0,0,0,NULL
mya_e8e11d93576336ebb11f6eeb3b07ed88,ကျောက်ကြီးရောဂါကို ဆယ်စုနှစ် နှစ်ခုအကြာ တွန်းလှန်တိုက်ခိုက်ပြီးနောက် ၁၉၈၀ ခုနှစ်တွင် ထိုရောဂါကို အမြစ်ပြတ်သုတ်သင် ရှင်းလင်းပြီးဖြစ်ကြောင်း WHO ကကြေညာခဲ့သည် - သမိုင်းတွင် လူသားတို့၏ ကြိုးပမ်းမှုကြောင့် ပယ်ဖျက်ရှင်းလင်းနိုင်ခဲ့သည့်ပထမဦးဆုံးသောရောဂါဖြစ်သည်။,0,0,0,0,0,0,NULL
mya_1e3d02076640fcae8d4a8afc4e049b44,ဝန်ကြီး ဌာနနှင့် ဆက်စပ်သော အဖွဲ့အစည်းများ။,0,0,0,0,0,0,NULL
mya_a61b76d37bf6083825b6c83d938800cd,ခန့်မှန်းအားဖြင့် ဘီးကို ဘီစီ ၅၀၀၀ မှ ၃၀၀၀ အကြားကာလတွင် တီထွင်အသုံးပြုလာနိုင်ဖွယ် ရှိသည်။,0,0,0,0,0,0,NULL
mya_995c94274da35dea37bbcc376240028d,နည်းပညာမြှင့်တင်ရေးနှင့် ပူးပေါင်းဆောင်ရွက်ရေး ဦးစီးဌာန။,0,0,0,0,0,0,NULL
mya_249e24e4c0038ff286ea4f870d8d41ff,နေပြည်တော်မှာ စစ်တပ်က တိုင်းရင်းသားလက်နက်ကိုင်အဖွဲ့တချို့နဲ့တွေ့ဆုံချိန် SCEF ကလည်း နွေဦးတော်လှန်ရေးထဲပါဝင်နေဆဲ လက်နက်ကိုင်အဖွဲ့တချို့နဲ့ဆွေးနွေးလာတဲ့ နှစ်ဖက်အားပြိုင်မှု အခင်းအကျင်းက ပိုရုပ်လုံးပေါ်လာနေပါတယ်။,0,0,0,0,0,0,NULL
mya_dd45ab10e7e0491535e97665ce68720a,ထို့ပြင် နိုင်ငံတော် သမ္မတ၏ တိုက်ရိုက်အုပ်ချုပ်မှုအောက်တွင် ရှိသော ပြည်ထောင်စုနယ်မြေ (၁) ခု နှင့် ကိုယ်ပိုင်အုပ်ချုပ်ခွင့်ရဒေသ/တိုင်း စုစုပေါင်း (၆) ခု ထားရှိသည်။,0,0,0,0,0,0,NULL
mya_02f96e71ec7fb4882c59157d49817339,ကမ္ဘာ့ကျန်းမာရေးအဖွဲ့ (WHO) သည် ကုလသမဂ္ဂ၏ မူလအဖွဲ့အစည်းများထဲမှ တစ်ခုဖြစ်သည်။,0,0,0,0,0,0,NULL
mya_c2d9c33802f72b78fa806a37a1f6795e,အမေရိကန်ဦးဆောင်သည့် စီးပွားရေး ဒဏ်ခတ်ပိတ်ဆို့မှုသည် အရပ်သား ပြည်သူလူထုအား ထိခိုက်နစ်နာစေသည်ဟူသည့် ပြစ်တင်မှုများ ခံနေရသည်။,0,0,0,0,0,0,NULL
mya_b3ce34a016a6d3a66e47a4824a2fb602,၁၉၆၇ ခုနှစ်တွင် မြန်မာ့ဆိုရှယ်လစ်လမ်းစဉ်ပါတီ၏ စီးပွားရေးမူဝါဒများအရ ကုန်သွယ်ရေး ကော်ပိုရေးရှင်းများကို ပြန်ကျုံ့ကာ အောက်ပါအတိုင်း စီးပွားရေးဆန်ဆန် ပြန်လည်ဖွဲ့စည်းဆောင် ရွက်ခဲ့သည် -။,0,0,0,0,0,0,NULL
mya_2140c1a4cabb7050e14731bb6c31c22f,အချင်းချင်း ငြာသံပေး ခြင်းမှ စကားလုံးပေါ်ပေါက်လာခြင်း။,0,0,0,0,0,0,NULL
mya_9895251c7faa1a39689f897aa504248c,သို့သော်လည်း ရွေးကောက်ပွဲရလဒ်အား စစ်အစိုးရမှ အသိအမှတ်မပြုခဲ့ချေ။,0,0,0,0,0,0,NULL
mya_a02b37bdc17bcbf163b3bd9b5324cd71,အေဂျင်စီအဖွဲ့သည် ကမ္ဘာ့နိုင်ငံပေါင်းချုပ်အသင်းကြီး၏ အေဂျင်စီတစ်ခုဖြစ်သော ၎င်းဆက်ခံရသော အဖွဲ့ဖြစ်သည့် ကျန်းမာရေး အဖွဲ့အစည်း၏ အမိန့်အာဏာနှင့် အထောက်အပံ့များကို အမွေဆက်ခံသည်။,0,0,0,0,0,0,NULL
mya_a436c5c18da902e9423766e03d84246e,ထိုင်းရဲ့ သေနတ်ကိုင်ဆောင်မှုဥပဒေကို ပိုတင်းကျပ်ပြဋ္ဌာန်းမယ် - ထိုင်းဝန်ကြီးချုပ်။,0,0,0,0,0,0,NULL
mya_62129b09985b40d5bcd6e32408b4a4d4,၁၉၈၈ ခုနှစ်က စီးပွားရေးစီမံခန့်ခွဲမှု ညံ့ဖျင်းခြင်းနှင့် နိုင်ငံရေးဖိနှိပ်ချုပ်ချယ်မှုများအား ကန့်ကွက်ဆန္ဒပြမှုများကို ရက်စက်ကြမ်းကြုတ်စွာ နှိပ်ကွပ်ခဲ့သည်။,0,0,0,0,0,0,NULL
mya_4656fb6793f04208f5a6e04a931ed9a1,WHO ညီလာခံကို ပုံမှန်အားဖြင့် နှစ်စဉ် မေလတွင် ကျင်းပပါသည်။,0,0,0,0,0,0,NULL
mya_f5ea120db62122c4e1d7fa3d5429e907,တတိယ တစ်ခုမှာ လူမှု အဖွဲ့အစည်း တစ်ခု၏ရည်ရွယ်ချက် ၊ သဘောထားများ၊ တန်ဖိုးများ၊ အစဉ်အလာများ၏ ထူးခြားသော ဝိသေသ လက္ခဏာများ ဖြင့် သတ်မှတ်ထားမှု တို့ဖြစ်ကြသည်။,0,0,0,0,0,0,NULL
mya_1a08501f7b913f3d3175124762c3cf3a,များသောအားဖြင့် နည်းပညာကို သိပ္ပံပညာနှင့် အင်ဂျင်နီယာပညာရပ်တို့၏ အကျိုးဆက်အဖြစ် မှတ်ယူနိုင်သော်လည်း လူသားတို့၏ ဆောင်ရွက်မှုကြောင့် ရရှိသောနည်းပညာတို့ ထိုနယ်ပယ်နှစ်ခုထက် စော၍နေတက်သည်။,0,0,0,0,0,0,NULL
mya_5ca17fb3c95469ff8e96f17dc92479df,ထို့အပြင် ပြည်ထောင်စုဝန်ကြီးများဖြစ်သည့် ဗိုလ်ချုပ်ကြီး တင်အောင်စန်း (ကာကွယ်ရေးဝန်ကြီးဌာန)၊ ဒုတိယဗိုလ်ချုပ်ကြီး ရာပြည့် (ပြည်ထဲရေးဝန်ကြီးဌာန)၊ ဦးသန်းဆွေ (နိုင်ငံခြားရေးဝန်ကြီးဌာန) နှင့် ဒုတိယဗိုလ်ချုပ်ကြီး ထွန်းထွန်းနောင် (နယ်စပ်ရေးရာဝန်ကြီးဌာန) တို့လည်း တက်ရောက်ခဲ့ကြသည်။,0,0,0,0,0,0,NULL
mya_b63d98999b5614b5b11fb312d4bc06d5,၂ဝဝ၃ ခုနှစ် 'မြန်မာနိုင်ငံ လွတ်လပ်ရေးနှင့် ဒီမိုကရေစီ အက်ဥပဒေ' ကို ပြဋ္ဌာန်းပြီး နောက် အမေရိကန်အစိုးရသည် မြန်မာနိုင်ငံမှ အဝတ်အထည်များနှင့် ဖိနပ်များ မှာယူတင်သွင်းခြင်းကို တားမြစ်ပိတ်ပင်လိုက်သည်။,0,0,0,0,0,0,NULL
mya_65d53fb5ab15f02a08c9b3e6a0075791,ကနောင်မင်းသားနှင့် လှိုင်ထိပ်ခေါင်တင်။,0,0,0,0,0,0,NULL
mya_8d5718ce9b605d1d0772e546ec092afc,ပြည်နယ်နှင့်တိုင်းများကို လူမျိုးနွယ်အလိုက် ခွဲခြားထားသည်။,0,0,0,0,0,0,NULL
mya_91f285aca9e1198a0dd214ec38adcaa6,၁၉၈၈ ခုနှစ်မှ ၂၀၁၁ ခုနစ်အထိ မြန်မာနိုင်ငံသည် 'နိုင်ငံတော်အေးချမ်းသာယာရေးနှင့် ဖွံ့ဖြိုးရေးကောင်စီ'ဟု အမည်တပ်ထားသည့် စစ်အစိုးရက ထိန်းချုပ်ထားသော စစ်အာဏာရှင်အုပ်စိုးသည့် နိုင်ငံတစ်ခုဖြစ်သည်။,0,0,0,0,0,0,NULL
mya_dcde2cfcd853fae21411ba206969c0e8,ဝန်ကြီးဌာန၏ အင်တာနက်စာမျက်နှာ 14 March 2021 ၌ မော်ကွန်းပြန်ကြည့်စက်တွင် မော်ကွန်းတင်ပြီး .။,0,0,0,0,0,0,NULL
mya_172524689abb86ffa85c2e7a3894bcff,စက်မှုနည်းပညာ မြှင့်တင်ရေးနှင့် ပူးပေါင်းဆောင်ရွက်ရေးဦးစီးဌာန။,0,0,0,0,0,0,NULL
mya_286e37445bb111484a24610a9b4c3384,၂၀၂၁ ခုနှစ်၊ ဖေဖော်ဝါရီလ ၁ ရက်နေ့တွင် မြန်မာနိုင်ငံ၏ အချုပ်အခြာအာဏာ ကို အဓမ္မနည်းဖြင့် ရယူရန် နိုင်ငံတော်အာဏာသိမ်းမှု ဖြစ်ပွားခဲ့ပြီး မြန်မာ့တပ်မတော်သည် နိုင်ငံတော်သမ္မတ ဦးဝင်းမြင့်၊ နိုင်ငံတော်၏ အတိုင်ပင်ခံပုဂ္ဂိုလ် ဒေါ်အောင်ဆန်းစုကြည်၊ နှင့် အခြားသော လွှတ်တော်ကိုယ်စားလှယ်များ၊ နိုင်ရေးသမားများကို ဖမ်းဆီးခဲ့ သည်။,0,0,0,0,0,0,NULL
mya_37d37f97095c27972b6a67fbe327baf0,WHO နှင့်၎င်း၏ ဒေသဆိုင်ရာ ရုံးများသည် ကျန်းမာရေးသုတေသနနှင့် ဆိုင်သော ဒေသအဆင့် မူဝါဒများ ဖွံ့ဖြိုးတိုးတက်ရန် လုပ်ဆောင်နေကြသည်။,0,0,0,0,0,0,NULL
mya_81779d5a994035819d851e3e63bc9213,ဖရီးဘားမား မြန်မာနိုင်ငံလွတ်မြောက်ရေးအတွက် လှုပ်ရှားသူများ၏ ဖိအားပေးမှုကြောင့် ဖောက်သည်များက သပိတ်မှောက်၊ ရှယ်ယာရှင်များက ဖိအားပေးခြင်းအားဖြင့် အနောက်နိုင်ငံကော်ပိုရေးရှင်းများ မြန်မာနိုင်ငံမှတပ်ခေါက် ပြန်ကုန်ကြပြီဖြစ်သည်။,0,0,0,0,0,0,NULL
mya_f4642590c4d3d9d9abfbb01aa66fc0a4,ကမ္ဘာ့ကျန်းမာရေးအဖွဲ့ WHO။,0,0,0,0,0,0,NULL
mya_cc44199747b5b6f67ac128761a764c99,၂၀၁၀ ခုနှစ်တွင် ထပ်မံ၍ အထွေထွေ ရွေးကောက်ပွဲကျင်းပကာ စစ်အစိုးရမှ ဖွဲ့စည်းထားသော အသွင်ပြောင်း 'ပြည်ထောင်စုကြံ့ခိုင်ရေးနှင့် ဖွံ့ဖြိုးရေးပါတီ' မှ အနိုင်ရရှိကာ ၂၀၁၁ ခုနှစ် ဧပြီလမှ စတင်ကာ (တစ်စိတ်တစ်ပိုင်း) ဒီမိုကရေစီ သမ္မတနိုင်ငံ တစ်နိုင်ငံအဖြစ် ပြောင်းလဲခဲ့သည်။,0,0,0,0,0,0,NULL
mya_77a771c2b5e1ba4a88456fc533b7ebd8,အသက် ၁၄ နှစ်အရွယ် လူငယ်တစ်ဦးက နေအိမ်နဲ့ ကျောင်းမှာ သေနတ်ပစ်ခတ်ခဲ့ပြီး ကိုယ့်ကိုယ်ကိုယ် ပစ်ခတ်သေဆုံးခဲ့တာကြောင့် လူ ၈ ဦး သေဆုံးခဲ့ပါတယ်။,0,0,0,0,0,0,NULL
mya_8a7a4db6be2c6964f0f3936b666c1bbe,ဤသည်တို့ကို ပေါင်းစည်းခြုံငုံ၍ ညွှန်းဆိုခြင်း ဖြစ်သည်။,0,0,0,0,0,0,NULL
mya_f35bb02c71bd49c457a39dc656218ea0,စစ်အုပ်ချုပ်ရေးအတွင်း နိုင်ငံတော်အေးချမ်းသာယာရေးနှင့် ဖွံ့ဖြိုး ရေးကောင်စီ ဥက္ကဋ္ဌသည် တိုင်းပြည်၏ ခေါင်းဆောင်ဖြစ်ပြီး အစိုးရအဖွဲ.၏ အကြီးအကဲလည်းဖြစ်သည်။,0,0,0,0,0,0,NULL
mya_11f32fe56f29627d8460db425dd765a9,အထူးဖိတ်ကြားထားသည့် နိုင်ငံတော်စီမံအုပ်ချုပ်ရေးကောင်စီ အတွင်းရေးမှူး ဒုတိယဗိုလ်ချုပ်ကြီး အောင်လင်းဒွေးနှင့် တွဲဖက်အတွင်းရေးမှူး ဒုတိယဗိုလ်ချုပ်ကြီး ရဲဝင်းဦးတို့လည်း အစည်းအဝေးသို့ တက်ရောက်ခဲ့ကြောင်း ထုတ်ပြန်ကြေညာခဲ့သည်။,0,0,0,0,0,0,NULL
mya_776726d589d123e7b85c81f59f2b5aaf,ဘီဘီစီမြန်မာပိုင်းသတင်းကို ဒေတာကုန်ကျမှု နည်းပါးသည့် ပုံဖြင့်ကြည့်ရန်။,0,0,0,0,0,0,NULL
mya_52ccaae40daba70666954c04461b521d,တော်လှန်ရေးကောင်စီလက်ထက်တွင် ဆိုရှယ်လစ်စီးပွားရေးစနစ်ကျင့်သုံးခဲ့ရာ ၁၉၆၄ခုနှစ်တွင် တစ်နိုင်ငံလုံးရှိ ပုဂ္ဂလိကပိုင်လုပ်ငန်းများကို ပြည်သူပိုင်ပြုလုပ်ခဲ့သည်။,0,0,0,0,0,0,NULL
mya_81d50f2bb2d16d01cfa2b1e30f59161c,၂၀၂၃ ခုနှစ်၊ ဇူလိုင်လ ၃၁ ရက်နေ့တွင် ပြည်ထောင်စုသမ္မတမြန်မာနိုင်ငံတော်၏ အမျိုးသားကာကွယ်ရေးနှင့် လုံခြုံရေးကောင်စီ အစည်းအဝေး (၂/၂၀၂၃) ကို ကျင်းပခဲ့ပြီး၊ နောက်တစ်နေ့ ဩဂုတ်လ ၁ ရက်တွင် နိုင်ငံတစ်ဝန်းလုံး အရေးပေါ်အခြေအနေ ကြေညာထားသည့်ကာလကို ၂၀၂၃ ခုနှစ်၊ ဩဂုတ်လ ၁ ရက်နေ့မှစ၍ နောက်ထပ် (၆) လ သက်တမ်းတိုးမြှင့်လိုက်ကြောင်း ဖွဲ့စည်းပုံအခြေခံဥပဒေပုဒ်မ ၄၂၅ အရ ကြေညာခဲ့သည်။,0,0,0,0,0,0,NULL
mya_95564507297400bb7f4f5a8635d48756,၂၀၀၈ ဖွဲ့စည်းပုံအခြခံဥပဒေအရ ရှိရင်းစွဲ တိုင်း (၇) တိုင်းကို တိုင်းဒေသကြီး အဖြစ် ပြောင်းလဲခေါ်ဆိုခဲ့သည်။,0,0,0,0,0,0,NULL
mya_79e113910ecb4684ac41f9119509bbc4,၂၀၀၇ ခုနှစ် ဖေဖော်ဝါရီလတွင် ဂျီနီဗာရှိ ဌာနချုပ်၌ ကျွမ်းကျင်ပညာရှင်များ တွေ့ဆုံကြပြီး ၎င်းတို့လုပ်ဆောင်နေသော တစ်ပြည်လုံး ကူးစက်ပျံ့နှံ့သော တုပ်ကွေးရောဂါအတွက် ကာကွယ်ဆေး တိုးတက်ဖြစ်ပေါ်ခြင်းနှင့် ပတ်သက်ပြီး အားတက်စေသည့် အခြေအနေ တိုးတက်မှုအဆင့်သို့ ရောက်ရှိ အောင်မြင်ပြီးဖြစ်ကြောင်း သတင်းပို့ခဲ့ကြသည်။,0,0,0,0,0,0,NULL
mya_01c86b4cd8a7901be8d7a4d828ba1f29,ရွှေ၊ ငွေ၊ ကြေးနီနှင့် ခဲတို့သည် အစောဆုံးတွေ့ရှိခဲ့ရသော သတ္တုများဖြစ်သည်။,0,0,0,0,0,0,NULL
mya_f3749d0c23c305e9bb065756fb7a53aa,ဘုရားသမိုင်း၊ ကျောင်းသမိုင်း၊ မြို့သမိုင်း၊ ရွာသမိုင်း၊ လူ့သမိုင်း၊ အဖွဲ့အစည်းသမိုင်း၊ အသင်းအပင်းသမိုင်း၊ စာပေသမိုင်း စသည့် အဆောက်အအုံ မြို့ရွာ အရာဝတ္ထု အစုအစည်း အားလုံး၏ သိမှတ်ဖွယ်ရာ ရှေးအစူအစဉ်များပင် ဖြစ်ကြောင်း ထင်ရှားလှပါသည်။,0,0,0,0,0,0,NULL
mya_cbe4bdeb4bb2494187655277bdbbd014,၁၉၆၂ ခုနှစ် တော်လှန်ရေးကောင်စီလက်ထက်၌ အခြားဝန်ကြီးဌာနများဖြစ် သော သမဝါယမနှင့်ကုန်စည်ဖြန့်ဖြူးရေးဝန်ကြီး ဌာနနှင့် ပစ္စည်းထောက်ပံ့ရေးဝန်ကြီးဌာနတို့အား ပူးပေါင်း၍ ၁၉၆၂ ခုနှစ်၊ မတ်လ ၂၆ ရက်နေ့တွင် ထောက်ပံ့ရေးနှင့် သမဝါယမ ဝန်ကြီးဌာနအဖြစ်ပြန်လည် ဖွဲ့စည်းခဲ့သည်။,0,0,0,0,0,0,NULL
mya_e1c7d8f9f8ec332c89b2fb32bdfd171e,အဖွဲ့အစည်းအများစုတွင် နည်းပညာသည် ပိုမိုဖွံ့ဖြိုးသော စီးပွားရေးဖြစ်ပေါ်လာစေရန် အကူအညီပေးပြီး သက်တောင့်သက်သာရှိသော အဆင့်အတန်းတစ်ရပ် ပေါ်ပေါက်လာစေသည်။,0,0,0,0,0,0,NULL
mya_91366d0f725977097bfceb741ce5d97e,အဆင့်မြင့်သိပ္ပံနှင့်နည်းပညာဦးစီးဌာန၏ ကွပ်ကဲမှုဖြင့် နည်းပညာတက္ကသိုလ် (၃၃) ခုနှင့် ကွန်ပျူတာတက္ကသိုလ် (၂၇) ခုတို့မှ အင်ဂျင်နီယာပညာရှင်၊ ဗိသုကာပညာရှင်၊ ကွန်ပျူတာပညာရှင်နှင့် သုတေသီများကို မွေးထုတ်ပေးသည်။,0,0,0,0,0,0,NULL
mya_6180750c68a38b927d9ef9d572b2b158,ဇီဝနည်းပညာသုတေသနဦးစီးဌာနသည် စိုက်ပျိုးရေး၊ မွေးမြူရေး၊ သဘာဝပတ်ဝန်းကျင်နှင့် ကျန်းမာရေးဆိုင်ရာကဏ္ဍများတွင် ဇီဝနည်းပညာဆိုင်ရာ အထောက်အပံ့များကို ဆောင်ရွက်သည်။,0,0,0,0,0,0,NULL
mya_91dc6927dbd6ef3da0b58f8f16390ecd,ဂျုံးဂျုံး မှ မိုးထစ်ချုန်း၊ (Thunder)။,0,0,0,0,0,0,NULL
mya_118b70c53ac4b32e624eded5e92a647e,သမိုင်းမဝင်၍ စာမတင်ခဲ့သလို၊ စာမတင်ခဲ့၍လည်း သမိုင်းဟူ၍ မဝင် မဖြစ်ပေါ်သည်လည်း ရှိသည်။,0,0,0,0,0,0,NULL
mya_469809a75f03e63be83d83fc390d29fa,မြန်မာစာပေအတွင်းမှ သမိုင်းဟူသည်ကို နုတ်လိုက်လျှင် လက်ကျန်အနည်းငယ်မျှသာ ကြွင်းကျန်လိမ့်မည်ဟု ယူဆရပေသည်။,0,0,0,0,0,0,NULL
mya_1a2b192b77216b075159193728837fb7,ပိုမိုကျယ်ပြန့်စွာရှင်းလင်းပါက ဘော်ဒီလန်းဂွေ့ချ် ဟုခေါ်သော ကိုယ်အမူအရာဖြင့်ပြသသော ဘာသာစကားကိုလည်း၊ အချင်းချင်းဆက်သွယ်မှု အတွက် အသုံးပြုနိုင်ပါက ဘာသာစကားအဖြစ် ခေါ်ဆိုနိုင်သည်။,0,0,0,0,0,0,NULL
mya_71e08e635478009544c5f12622f6df17,မည်သို့ပင် ဖြစ်စေ ယဉ်ကျေးမှုဟူသည် လူသားတစ်ဦးအတွက် ဘဝ၏ လမ်းတစ်ဟူသော စကားလုံးတစ်လုံး ဖြစ်သည်။,0,0,0,0,0,0,NULL
mya_1deee6b7b9cd80bcf2748e5f35b52158,စက်မှုနှင့် သက်မွေးပညာရေးကဏ္ဍ။,0,0,0,0,0,0,NULL
mya_d75bdb0c891493ba61a06f460b23c0e4,သမိုင်းဆိုသည်မှာ လူသားတို့၏ အတိတ်ကာလကို လေ့လာသော ဘာသာရပ်ဖြစ်သည်။,0,0,0,0,0,0,NULL
mya_3859f3fb8295f5acc5bbc891447af42c,မြန်မာကျောင်းသားတွေ ချီးဗနင်းပညာတော်သင်ဆုလျှောက်ခွင့်မရတော့ပါ။,0,0,0,0,0,0,NULL
mya_5aaa47b5ac13594273a10be9a6c9ec3e,ဥပမာပြရလျှင် ပါလက်စတိုင်း(UN လေ့လာသူ) ဗာတီကန်စီးတီး(UN အဖွဲ့ဝင်မဟုတ်သော လေ့လာသူ) နှင့် တရုတ်တိုင်ပေ (ဖိတ်ကြားခြင်းခံရသော ကိုယ်စားလှယ်) တို့ဖြစ်သည်။,0,0,0,0,0,0,NULL
mya_94dbfb514eaf40fc3814ec37be04656c,International Bank for Reconstruction and Development (IBRD)။,0,0,0,0,0,0,NULL
mya_bafcec0ff1977f440b5876627c767321,စိတ်ချရပြီး အာနိသင်ရှိသော ကာကွယ်ဆေးများ၊ ဆေးဝါးနှင့် ပတ်သက်သော နည်းပညာများ၊ ပစ္စည်းများနှင့် ဆေးဝါးများ တိုးတက်ထုတ်လုပ်ခြင်းနှင့် ဖြန့်ဖြူးခြင်းတို့ကို WHO ကပံ့ပိုးထောက်ပံ့ပါသည်။,0,0,0,0,0,0,NULL
mya_a1e4dea528c1488f12b2614c35cb2c3c,ဝန်ကြီးဌာန စုစုပေါင်း (၃၆) ခု ဖွဲ့စည်းထားရှိသည်။,0,0,0,0,0,0,NULL
mya_92e5194525783fc762a97affc9422085,အဆင့်မြင့်သိပ္ပံနှင့် နည်းပညာ ဦးစီးဌာန။,0,0,0,0,0,0,NULL
mya_20d3c3652f474aecf6729522fb093c8c,သို့သော်လည်း မြန်မာဒီမိုကရေစီ ခေါင်းဆောင် ဒေါ်အောင်ဆန်းစုကြည်က ဒဏ်ခတ်ပိတ်ဆို့မှုသည် စစ်အစိုးရကို ဖိအားပေးရာရောက်သည်ဟု အစဉ်တစိုက် ထောက်ခံခဲ့သည်။,0,0,0,0,0,0,NULL
mya_830a02c30f2e335543832f41920b3670,သမိုင်းမတင်မီခေတ်က မီးကိုထိန်းချုပ်နိုင်သော စွမ်းရည်ကို ရရှိလာသောကြောင့် စားစရာတို့ကို ပိုမိုကောင်းမွန်အောင် ပြုလုပ် နိုင်သကဲ့သို့ နောက်ပိုင်းတွင် ဘီး (Wheel) ကို တီထွင်မှုကြောင့် လူသားတို့၏ ခရီးသွားလာရေးတွင် ပိုမိုလွယ်ကူ လာခဲ့သည်။,0,0,0,0,0,0,NULL
mya_2bc4896d4347df40bc45b82551a1a570,ဝန်ကြီးဌာန (၃၂) ခု အပြင် ဝန်ကြီးချုပ်ရုံး၊ စာရင်းစစ်ချုပ်ရုံး၊ ရှေ့နေချုပ်ရုံး၊ တရားရုံးချုပ်၊ ဝန်ထမ်းရွေးချယ်လေ့ကျင့်ရေးအဖွဲ့ ကို ဖွဲ့စည်းကာ နိုင်ငံကို အုပ်ချုပ်ခဲ့သည်။,0,0,0,0,0,0,NULL
mya_04f742da14dcb7095225c954c48d5568,ကစားစဉ်၌ ယဉ်ကျေးခြင်း (၁၀) မျိုး။,0,0,0,0,0,0,NULL
mya_9711a7d097cdc3402d0641c20575d2d9,မြန်မာနိုင်ငံစီရင်အုပ်ချုပ်မှုဥပဒေ(၁၉၃၅) အရ ၁၉၃၇ ခုနှစ် မတ်လ ၂၆ ရက်နေ့တွင် ယခင်ကူးသန်းရောင်းဝယ်ရေးဝန်ကြီးဌာန ယခု စီးပွားရေးနှင့်ကူးသန်းရောင်းဝယ်ရေးဝန်ကြီးဌာနကို စတင်ဖွဲ့စည်းသည်။,0,0,0,0,0,0,NULL
mya_d10bf4ff9214ad83d09d69b7114ef614,နည်းပညာ၊ သက်မွေးပညာနှင့် လေ့ကျင့်ရေး ဦးစီးဌာန။,0,0,0,0,0,0,NULL
mya_aeb48ade1a18ec31e9f11d2e6aabc545,အထွေထွေ ညီလာခံ၏ ဆုံးဖြတ်ချက် အာဏာဖြင့် လွှဲပြောင်းပေးခဲ့သည်။,0,0,0,0,0,0,NULL
mya_e067ed62f42aae36a798ae529ba2bed4,အမေရိကန်ဟာချက်ချင်းပြန်အစားထိုး ထုတ်ဖို့ခက်တဲ့ ဒုံးကျည်အစင်းရေ ထောင်ချီကို အီရန်နဲ့ဖြစ်တဲ့စစ်ပွဲအတွင်း ပစ်ခတ်အသုံးပြုခဲ့ပါတယ်။,0,0,0,0,0,0,NULL
mya_4a4ebcd973cad6ec3da6fb1b61e690d8,သမိုင်းကိုလည်း မြန်မာစာပေမှ အဆီညှစ်၍ အနှစ်ကို ထုတ်ကာ ရွေးကောက်ရသည် ဖြစ်ရာ စာပေနှင့် သမိုင်းသည် မကင်းရာ မကင်းကြောင်းပင် ဖြစ်သည်။,0,0,0,0,0,0,NULL
mya_cf4d4e11e4c8aeb3ad426cb821d77ef8,သို့သော် သမိုင်းကို ပါဠိဘာသာမှ ဆင်းသက်ခြင်း မဟုတ်ဟု ယူဆကာ ပါဠိပညာရှင်များက သမုတိ၊ သမ္မုတိ များဖြင့် အဓိပ္ပာယ် မဖော်လိုကြပေ။,0,0,0,0,0,0,NULL
mya_52b64b33531abc112cb42ea700f9ebfd,သူမသည် ၁၉၉၁ ခုနှစ်က ငြိမ်းချမ်းရေးနိုဘယ်ဆုကို ဆွတ်ခူးခဲ့သည်။,0,0,0,0,0,0,NULL
mya_96a7ee5b438cd01f7fdadcf4a76828d7,သမိုင်း ဟူသော ဝေါဟာရကို မြန်မာဘာသာ စစ်စစ်ဟု ဆိုသူတို့က သမိုင်း (မိုင်း = ကြီးမား) သိဖွယ်ရာကြီး တစ်ရပ်ဟု အဓိပ္ပာယ်ဆိုသည်။,0,0,0,0,0,0,NULL
mya_34274126e87de987e4e3540b7b9441e2,နည်းပညာဆိုသည်မှာ ကိရိယာ (tool) နှင့် အတတ်ပညာ (craft) များကို သိရှိနားလည်ခြင်း၊ သုံးစွဲခြင်းပင်ဖြစ်သည်။,0,0,0,0,0,0,NULL
mya_aab3622ae1b61b1b304d08543e49097f,ကျောက်တော်၊ သံတွဲနဲ့ ဂွ ကို လေကြောင်းကနေဗုံးကြဲ။,0,0,0,0,0,0,NULL
mya_d2ea823439d1e0ed88bac277ac79776e,အမေရိကန်နှင့် ဥရောပအစိုးရများက စစ်အစိုးရအား စားသုံးသူသပိတ်နှင့်အတူ ဒဏ်ခတ်အရေးယူပိတ်ဆို့ထားသည်။,0,0,0,0,0,0,NULL
mya_fbc01af17cb47397f0aee2c095159b26,နည်းပညာများသည် သိပ္ပံပညာ၏ သီခြားထုတ်ကုန်တစ်ခုမဟုတ်ဘဲ နည်းပညာတို့သည် အသုံးချနိုင်မှု၊ အသုံးဝင်မှုနှင့် လုံခြုံစိတ်ချရမှုဟုသော ကျေနပ်ဖွယ်ရာ လိုအပ်ချက်များရှိရမည် ဖြစ်သည်။,0,0,0,0,0,0,NULL
mya_e55cf09322ff369af1e996fee19eb822,တိုင်း ၇ တိုင်းမှာ ဧရာဝတီတိုင်း၊ ပဲခူးတိုင်း၊ မကွေးတိုင်း၊ မန္တလေးတိုင်း၊ စစ်ကိုင်းတိုင်း၊ တနင်္သာရီတိုင်း နှင့် ရန်ကုန်တိုင်းတို့ ဖြစ်ကြပြီး ပြည်နယ် ၇ ခုမှာ ချင်းပြည်နယ် ၊ ကချင်ပြည်နယ်၊ ကရင်ပြည်နယ် ၊ ကယားပြည်နယ် ၊ မွန်ပြည်နယ်၊ ရခိုင်ပြည်နယ်နှင့် ရှမ်းပြည်နယ်တို့ ဖြစ်ကြသည်။,0,0,0,0,0,0,NULL
mya_fc5fd00e32ccd663e99dd21dcc8a1348,မြန်မာ့သိပ္ပံနှင့် နည်းပညာ သုတေသနဦးစီးဌာန။,0,0,0,0,0,0,NULL
mya_ed864df1fda8ae7367aa4132d9ce89a0,ဒုတိယသမ္မတ ဦးဟင်နရီဗန်ထီးယူ ကမူ ကျန်းမာရေးအခြေအနေကြောင့် အစည်းအဝေးသို့ တက်ရောက်နိုင်ခြင်းမရှိကြောင်း ခွင့်ပန်ကြားခဲ့သည်။,0,0,0,0,0,0,NULL
mya_c2848efb31a4be5b2d354b234f92c49a,ဧရာဝတီတိုင်း၊ လေးမျက်နှာမြို့နယ်က ရေကြီးရေလျှံမှုကို ဖြစ်စေတဲ့ ငဝန်မြစ်ရေကာတာရဲ့ အတွင်းတာဘောင် ကျိုးပေါက်မှုဟာ ခြောက်ရက်ရှိလာပေမယ့် ပြန်လည်ပြင်ဆင်နိုင်သေးခြင်း မရှိဘူးလို့ ဒေသဆိုင်ရာ တာဝန်ရှိသူတစ်ဦးက ဩဂုတ် ၅ ရက်မှာ ဘီဘီစီကို ပြောပါတယ်။,0,0,0,0,0,0,NULL
mya_7652fe872aee8e0fc05d8f39c68e9574,ယဉ်ကျေးမှု ဆိုသည်မှာ လူတစ်မျိုး၏ ဘဝတည်ဆောက် ပျိုးထောင်ပုံ နည်းနာများသာ ဖြစ်သည်။,0,0,0,0,0,0,NULL
mya_e075e39cf95f5925f5fa526b64161f12,နောက်ဆုံးတွင် သတ္တုများအသုံးပြုနိုင်ခြင်းဖြင့် သတ္တုစပ်များဖြစ်ကြသော ကြေးညိုနှင့် ကြေးဝါများကို ရှာဖွေတွေ့ရှိခဲ့သည်။,0,0,0,0,0,0,NULL
mya_40685788c60f9a159cc70273cc3d8fb6,၂၀၀၃ ခုနှစ် ဧပြီလတွင် ထုတ်ပြန်သော WHO/FAO ပူးတွဲ အစီရင်ခံစာတွင် ဖော်ပြထားသည့် ကျန်းမာသော အစားအစာ စားသုံးမှုတွင် သကြားသည် ၁၀% ထက်ပိုမို၍ မပါသင့်ဟု ထောက်ခံချက်မျိုးကဲ့သို့ ဤအလုပ်၏ အချို့သော အချက်များမှာ အငြင်းပွားဖွယ်ရာ ဖြစ်နိုင်သည်။,0,0,0,0,0,0,NULL
mya_deceeb1e09b1e55507406606d355b3e4,နိုင်ငံတို့မှာ တွဲဘက်အဖွဲ့ဝင်နိုင်ငံများဖြစ်သည်။,0,0,0,0,0,0,NULL
mya_2ca3128d7f07654684d7b398bcbc40d6,၂၀၀၁-ခုနှစ်၊ အိန္ဒိယနီပေါ ဗုဒ္ဓဂယာ ဓမ္မခရီးသည် (တက္ကသိုလ်စိန်တင်နှင့်တွဲဖက်၍)။,0,0,0,0,0,0,NULL
mya_8fd6ff7bd5dbb1367106a240d6174d46,၂၀၀၇ ခုနှစ်တွင် ဝန်ကြီးချုပ်နေရာကို ဗိုလ်ချုပ်ကြီးသိန်းစိန်အား ခန့်အပ်ခဲ့သည်။,0,0,0,0,0,0,NULL
mya_9093a83473facfe7bab307507054393a,ပထမကြိမ် သက်တမ်းတိုးမြှင့်မှု သက်တမ်းကုန်ဆုံးပြီးနောက်၊ ၂၀၂၂ ခုနှစ်၊ ဇူလိုင်လ ၃၁ ရက်နေ့တွင် ပြည်ထောင်စုသမ္မတမြန်မာနိုင်ငံတော်၏ အမျိုးသားကာကွယ်ရေးနှင့် လုံခြုံရေးကောင်စီ အစည်းအဝေး (၂/၂၀၂၂) ကို ကျင်းပခဲ့ပြီး၊ နောက်တစ်နေ့ ဖေဖော်ဝါရီ ၁ ရက်တွင် နိုင်ငံတစ်ဝန်းလုံး အရေးပေါ်အခြေအနေ ကြေညာထားသည့်ကာလကို နောက်ထပ် (၆) လ သက်တမ်းတိုးမြှင့်လိုက်ကြောင်း ဖွဲ့စည်းပုံအခြေခံဥပဒေပုဒ်မ ၄၂၅ အရ ကြေညာခဲ့သည်။,0,0,0,0,0,0,NULL
mya_6b901195b0391148c9c1cc611a887397,အမေရိကား PAHO/AMRO အတွက် ဒေသဆိုင်ရာရုံးခန်းက ပထမဦးဆုံးအနေဖြင့် ၎င်း၏ ကျန်းမာရေးအတွက် သုတေသနဆိုင်ရာ မူဝါဒကို ၂၀၀၉ ခုနှစ် စက်တင်ဘာလတွင် ၎င်း၏ ၄၉ ခုမြောက် ညွှန်ကြားရေးကောင်စီ စာရွက်စာတမ်း CD 49.10 ဖြင့် အတည်ပြုချက် ရယူခဲ့သည်။,0,0,0,0,0,0,NULL
mya_72386bbe47f17c8268b30502e07789d2,၂၀၀၈ ဖွဲ့စည်းပုံအခြေခံဥပဒေအရ ပြည်ထောင်စု အစိုးရအဖွဲ့ကို နိုင်ငံတော်သမ္မတ၊ ဒုတိယသမ္မတများ၊ ပြည်ထောင်စုဝန်ကြီးများ၊ ပြည်ထောင်စုရှေ့နေချုပ်တို့ဖြင့် ဖွဲ့စည်းထားသည်။,0,0,0,0,0,0,NULL
mya_0c642dd02874017ec157b22714274271,တင်းပုတ်မှအစပြု၍ နျူးကလီးယားလက်နက်အထိ အဖျက်စွမ်းရည် တစ်စထက်တစ်စကြီးမားလာသောလက်နက်များသည် သမိုင်းတစ်လျှောက်တွင် ပိုမိုတိုးတက်လာခဲ့သည်။,0,0,0,0,0,0,NULL
mya_aa824c1010997b2b4a9f8449573742a6,တပ်ချုပ်အသစ်ဖြစ်တဲ့ ဗိုလ်ချုပ်ကြီးရဲဝင်းဦးရဲ့ ရက် ၁၀၀ ဟာ သူ့ဆရာ ဦးမင်းအောင်လှိုင်ရဲ့ လောင်းရိပ်အောက်ကနေ ကုန်ဆုံးခဲ့ရပါတယ်။,0,0,0,0,0,0,NULL
mya_0f8a79a72f26fa8593090a50a8a5940f,မြန်မာနိုင်ငံ၏ တရားစီရင်ရေးကဏ္ဍမှာ အကန့်အသတ်ဖြင့် ဖြစ်သည်။,0,0,0,0,0,0,NULL
mya_c956cd4a539bd6bd282b7f6b2338b3e5,ဥပမာ- ဟေးလား ဟေးလား မှ လုပ်၊ အလုပ်၊ အလုပ်လုပ်။,0,0,0,0,0,0,NULL
mya_1afa8a5ecbeb8f074c40ab18ea73f6a9,သဘာဝ (nature) ဟူသည်မှာ အဓိပ္ပာယ် ကျယ်ပြောလှသော စကားလုံးဖြစ်ပြီး ယင်းစကားလုံးအနက်တွင် သဘာဝ လောက၊ သဘာဝတ္တ စကြဝဠာ၊ ရုပ်ပိုင်းဆိုင်ရာ လောကနှင့် ရုပ်ပိုင်းဆိုင်ရာ စကြဝဠာတို့ ပါဝင်နေသည်။,0,0,0,0,0,0,NULL
mya_d5e17f51b0483700c504440b513c231a,ဆိုင်ရာ သဒ္ဒါ (အဆိုပါ စကားလုံးများကို တွဲစပ်နည်းများ)၊။,0,0,0,0,0,0,NULL
mya_3c50657f9d09875b14be9d06e3ec2ea2,နာမည်ကျော် ပါဠိသက် အဘိဓာန်များကလည်း ယင်းကို လျစ်လျူရှုခဲ့ကြသည်။,0,0,0,0,0,0,NULL
mya_9fb76afe60c3df8cec0aadd4d671e32d,နောက်ပိုင်းတွင် သူမသည် နိုင်ငံတော်၏အတိုင်ပင်ခံဖြစ်လာသည်။,0,0,0,0,0,0,NULL
mya_a91c8f8b125cf4fb6709e4218453753c,ဒိုင်းခင်ခင် (ရတနာပုံ နန်းတွင်းလျှို့ဝှက်ဇာတ်လမ်းများ)။,0,0,0,0,0,0,NULL
mya_cd4e854e631992c4d1d4610218381d80,ထို့အပြင် နိုင်ငံ တော်၏အတိုင်ပင်ခံပုဂ္ဂိုလ် ဟူ သောရာထူးအသစ်ပါထည့်သွင်းဖွဲ့စည်းခဲ့သည်။,0,0,0,0,0,0,NULL
mya_ce56f139b96185bd97abfc2ec1087f94,ကောင်စီအမိန့်အမှတ် ၆/၂၀၂၃ အားဖြင့် ပြည်ထောင်စုအစိုးအဖွဲ့ကို ပြင်ဆင်ဖွဲ့စည်းခဲ့သည်။,0,0,0,0,0,0,NULL
mya_5b654c8ae387df105da1d17a2f2f442b,ထိုသည်တို့ကြောင့် သိပ္ပံပညာရှင်များနှင့် အင်ဂျင်နီယာများကို နည်းပညာရှင်များဟု မှတ်ယူနိုင်ပြီး ထိုနယ်ပယ်သုံးခုသည် တစ်ခုနှင့်တစ်ခု သုတေသနေပြုလုပ်ခြင်းနှင့် ကိုးကားခြင်းတို့၏ အကြောင်းအချက်များ ဖြစ်နေသည်ဟု ဆိုနိုင်သည်။,0,0,0,0,0,0,NULL
mya_1427648200d13a1a5cfff5150e356593,ဝန်ကြီးနေရာအားလုံးလိုလိုအား တပ်မတော်အရာရှိများက ရယူထားသည်။,0,0,0,0,0,0,NULL
mya_6fbf81e1439e0c9353178038446e7509,သို့သော်လည်း တရုတ်နှင့် ရုရှတို့က စစ်အစိုးရအား ထောက်ခံလျက်ရှိသည်။,0,0,0,0,0,0,NULL
mya_0b932048ddb3721b153a0ba2734305fa,WHO နှင့် ကျန်းမာရေး တိုင်းတာမှုစနစ်များ ကွန်ယက်(Health Metrics Network)၊ အပြည်ပြည်ဆိုင်ရာ အိမ်ထောင်စု စစ်တမ်းများကွန်ယက် (International Household Surveys Network) ကဲ့သို့သော အခြား အေဂျင်စီအဖွဲ့များအကြား ပူးပေါင်း ကြိုးပမ်း အားထုတ်မှုများသည် မြင့်မားသော သုတေသန စံချိန်စံညွှန်းများ သတ်မှတ်ရာတွင် စံနှုန်းပြဋ္ဌာန်းသော လုပ်ငန်းများအဖြစ် တာဝန်ထမ်းဆောင်သည်။,0,0,0,0,0,0,NULL
mya_0d48a5f890986ccd342a785669c12c44,(ခ)ကုန်သွယ် ရေး ကော်ပို ရေးရှင်း ၂၂ခု။,0,0,0,0,0,0,NULL
mya_046a2a4571e9307e5e7762699bfb24f4,အမေရိကန်အနေနဲ့ သူတို့ ရည်ညွှန်းပြောဆိုတဲ့ ''လွတ်လပ်မှုလက်နက်တိုက်'' (arsenal of freedom)မှာ လက်နက်တွေ တကယ်ပဲ လျော့သွားပြီလားဆိုတာ စေ့ငုကြည့်ထားပါတယ်။,0,0,0,0,0,0,NULL
mya_87601c673290cc9b48f5d77f0bbdfdc2,လူသားတို့၏ နည်းပညာဖွံ့ဖြိုးတိုးတက်မှုသည် နီယိုလစ်သစ်ခေတ်ဟုခေါ်သည် ကျောက်ခေတ်သစ်တွင် ပိုမိုအား ကောင်းလာခဲ့သည်။,0,0,0,0,0,0,NULL
mya_d86ea8e0f33a7e25c716c32c6263a93d,လယ်ယာစိုက်ပျိုးရေးဖြင့် ပိုမိုများပြားလာသော လူဦးရေကို လောက်ငှအောင်ကျွေးနိုင်သောအခါ အခြေချနေထိုင်သော လူနေမှုစနစ်(sedentism)သို့ ပြောင်းလဲလာခဲ့ပြီး ထိုသည်နှင့်တပြိုင်နက် ကလေးဦးရေ ပိုမိုတိုးတက်လာရာ ရွေ့ပြောင်းသွားလာသော လူနေမှုစနစ်(nomadic)တွင်ကဲ့သို့ ကလေးတွေကို သယ်ယူရန်မလိုအပ်တော့ချေ။,0,0,0,0,0,0,NULL
mya_6a28a588d9b2cf10467bb93c345dc659,အထွေထွေညွှန်ကြားရေးမှူးကို ငါးနှစ်တစ်ကြိမ် ရွေးကောက်တင်မြှောက်သည့်အပြင် ညီလာခံက အသင်းကြီး၏ ဘဏ္ဍာရေး မူဝါဒများကို ထည့်သွင်းစဉ်းစားပြီး၊ အဆိုပြုလာသော အစီအစဉ် ရသုံးမှန်းခြေငွေစာရင်းကို သုံးသပ်ခြင်းနှင့် အတည်ပြုခြင်းတို့ပြုလုပ်သည်။,0,0,0,0,0,0,NULL
mya_03574c244475cfed1cd40814b986af9a,လူသားမျိုးနွယ်အပေါ် ကျူးလွန်တဲ့ ရာဇဝတ်မှုစွဲချက်တွေနဲ့ သေဒဏ်ချမှတ်ခံထားရပေမဲ့ ဘင်္ဂလားဒေ့ရှ်နိုင်ငံကို ဒီဇင်ဘာမှာ ပြန်လာဖြစ်အောင် လာမယ်လို့ ပြည်ပရောက် ဝန်ကြီးချုပ်ဟောင်း ရှိတ်ဟာစီနာက ကြွေးကြော်ခဲ့ပါတယ်။,0,0,0,0,0,0,NULL
mya_38f28199c6df79203322f142240cdebb,သုတေသနနှင့် ဖွံ့ဖြိုးရေးကဏ္ဍ။,0,0,0,0,0,0,NULL
mya_ebcb6fa3967fb130b3f41c394765d087,အင်ဂျင်နီယာပညာရပ်သည် ရည်မှန်းချက်နှင့် ဒီဇိုင်းထုတ်ခြင်း၊ စနစ်များနှင့် ကိရိယာများပြုလုပ်ခြင်းဖြင့် သဘာဝတရား၏ဖြစ်စဉ်များကို လူသားတို့အတွက် အသုံးဝင်သော အရာများအဖြစ် အပြည့်အဝအသုံးချခြင်းဖြစ်ပြီး သိပ္ပံပညာမှ နည်းများနှင့် ရလဒ်များကို (အမြဲတမ်းတော့ မဟုတ်)အသုံးပြုသည်။,0,0,0,0,0,0,NULL
mya_d5435ea737b4bc1ac2e6449669571dcf,လူသားတို့၏ နည်းပညာအပြိုင်သုံးစွဲ မှုမှာ သဘာ၀ရင်းမြစ်များကို ရိုးရှင်းသောကိရိယာများအဖြစ် ပြောင်းလဲခြင်းမှ စတင်သည်။,0,0,0,0,0,0,NULL
mya_4a19c67883eb12410e4b50bf3576fa3f,အစောပိုင်းလူသားများသည် foraging hominids မျိုးစိတ်မှ ဆင့်ကဲပြောင်းလဲလာခြင်းဖြစ်ရာ ခြေနှစ်ချောင်းထောက် သတ္တဝါများဖြစ်ပြီး ဦးနှောက်ထုထည်သည် ယနေ့ခေတ်လူသားများ၏ သုံးပုံပုံ တစ်ပုံခန့်ရှိသည်။,0,0,0,0,0,0,NULL
mya_376e56470b5b56c228d06acb24d98395,အိန္ဒိယနိုင်ငံ၏ ဂျဝါဟာလာနေရူးက WHO စတင်ရန် အကြံဉာဏ် ပေးခဲ့သည်။,0,0,0,0,0,0,NULL
mya_e9487c8587d8f3b069fcfb0eece8e89c,ကုလသမဂ္ဂ အတွင်းရေးမှူးချုပ် ကိုဖီအာနန်က ဗိုလ်ချုပ်မှူးကြီးသန်းရွှေထံ တိုက်ရိုက်မေတ္တာရပ်ခံပြီး အာဆီယံနိုင်ငံများမှ ဖိအားပေး သော်လည်း ၂ဝဝ၆ ခုနှစ် မေတွင် ဒေါ် အောင်ဆန်းစုကြည်၏ နေအိမ်အကျယ်ချုပ်ကို နောက်ထပ်တစ်နှစ်ထပ်မံ၍ တိုးလိုက်သည်။,0,0,0,0,0,0,NULL
mya_e4aa46939e785f6c8af02e9e4f5b2e9f,မြန်မာနိုင်ငံဖွဲ့စည်းပုံအခြေခံဥပဒေ (၂၀၀၈)။,0,0,0,0,0,0,NULL
mya_b0b0979b1350cf6b677907d772269dda,ဥပမာ- ဟား၊ ဟားကမှ ဟီသည် မှ ရီသည် ကဲ့သို့သော စကားလုံးများ။,0,0,0,0,0,0,NULL
mya_2685fc297ddbadaea2dc5623f904a77d,အစောပိုင်းကာလများက ဘာသာစကားတွင် အသံထွက်ပြောဆိုသောဘာသာစကား နှင့် လက်ဟန်ခြေဟန်ဖြင့် ပြောဆိုသော ဘာသာစကား တို့သည် ဖွဲ့တည်ပုံအရလည်းကောင်း၊ အသုံးချပုံအရလည်းကောင်း လုံးဝကွဲပြားခြားနားသည်ဟုယူဆပြီး သုတေသနလေ့လာမှုများကို သီးခြားစီသတ်မှတ်ခဲ့ကြသည်။,0,0,0,0,0,0,NULL
mya_24df8c31f66c0a7a2c3712a11a322d5e,သုတေသနနှင့်တီထွင်ဆန်းသစ်မှုဦးစီးဌာနသည် အမျိုးသားအရည်အသွေးအခြေခံအဆောက်အအုံ ဖွံ့ဖြိုးတိုးတက်ရေး၊ စံချိန်စံညွှန်းလုပ်ငန်းများ ဖွံ့ဖြိုးတိုးတက်ရေး၊ သုတေသနဖွံ့ဖြိုးတိုးတက်ရေးနှင့် နည်းပညာဆိုင်ရာ လွှဲပြောင်းထောက်ပံ့ရေးတို့ကို ဆောင်ရွက်သည်။,0,0,0,0,0,0,NULL
mya_c7af1b1e7f65498c0b3bfc31c8e46efb,လူ့အဖွဲ့အစည်းများသည် မတူညီကြသကဲ့သို့ တစ်ခုနှင့်တစ်ခု၊ တစ်ဖွဲ့နှင့် တစ်ဖွဲ့၏ ယဉ်ကျေးမှုသည်လည်း ထိုသူတို့၏ ပတ်ဝန်းကျင်အနေအထား၊ ထိုပတ်ဝန်းကျင်၏ လှုပ်ရှားမှု။,0,0,0,0,0,0,NULL
mya_68fd27d96d8eada6032473fdcbec479c,ဇီဝသိပ္ပံ ပညာရှုထောင့်မှသုံးသပ်ပါကလည်း သုတေသနစမ်းသပ်မှုဖြင့် ဘာသာစကား ၏ ရင်းမြစ်ကို လေ့လာနိုင်သည်။,0,0,0,0,0,0,NULL
mya_d4db807f597ad464ad7ef58844539c00,ယဉ်ကျေးမှု ဆိုသည်မှာ ပတ်ဝန်းကျင်မှ လူအများစိတ်အနှောက်အယှက်မဖြစ်စေရန်ပြောဆို၊ပြုမူ၊နေထိုင်ရာတွင်လိုက်နာအပ်သည့်နည်းစနစ်ပင်ဖြစ်သည်။,0,0,0,0,0,0,NULL
mya_349ca762256f62e02e1bc4163b175b4b,တိုးတက်လာသော လူဦးရေ၊ လုပ်သားရရှိနိုင်မှုနှင့်အတူ နယ်ပယ်အလိုက် ကျွမ်းကျင်မှုတွင် တိုးတက်လာသည်။,0,0,0,0,0,0,NULL
mya_96c5d6db822fe6af52e42c7cacf36329,အပြည်ပြည်ဆိုင်ရာ မြို့ပြလေကြောင်းအဖွဲ့ ICAO။,0,0,0,0,0,0,NULL
mya_a2531fea30658b2c97c97137a071eb15,နည်းပညာမြှင့်တင်ရေးနှင့် ပူးပေါင်းဆောင်ရွက်ရေးဦးစီးဌာနသည် သတင်းအချက်အလက်နည်းပညာ ဖွံ့ဖြိုးတိုးတက်ရေး၊ ဒြပ်ပစ္စည်းသိပ္ပံကဏ္ဍ ဖွံ့ဖြိုးရေးနှင့် မော်တော်ယာဉ်နည်းပညာဆိုင်ရာ သုတေသနလုပ်ငန်းများကို ဆောင်ရွက်သည်။,0,0,0,0,0,0,NULL
mya_d98ad7e30e5e8312d96428269dc9f58c,မီးအား မည့်သည့်အချိန်၌ ရှာဖွေတွေ့ရှိခဲ့သည်ကို အတိအကျမသိရှိရသေးသော်လည်း Cradle of Humankind ရှိ မီးလောင်ကျွမ်းနေသော တိရစ္ဆာန်အရိုးများအရ မီးအား ယဉ်ပါးအောင်အသုံးပြုခြင်းသည် နှစ်ပေါင်း ၁ သန်း(1 Ma) မတိုင်မီကဟု ယူဆရပြီး ပညာရှင်များ၏ သဘောထားအရ Homo erectus များ မီးအား ထိန်းချုပ်အသုံးပြုနိုင်ခြင်းသည် နှစ်ပေါင်း 500 နှင့် 400 ka အကြားတွင် ဟုဆိုကြသည်။,0,0,0,0,0,0,NULL
mya_95723d029254f42da7766a15abc035c7,သို့သော် မကြာသေးမီက သိပ္ပံနည်းကျလေ့လာမှုများအရ အခြားပရိုင်းမိတ်(Primate)များနှင့် ဝေလငါးအုပ်အချို့သည် ရိုးရှင်းသော ကိရိယာများကို ပိုမိုကောင်းမွန်အောင်ပြုလုပ်ခြင်း၊ မိမိတို့၏အသိပညာကို အခြားမျိုးဆက်များသို့ ဖြန့်ဝေရန် လေ့လာသင်ယူခြင်းများ ရှိကြောင်း အထောက်အထားတွေ့ရသည်။,0,0,0,0,0,0,NULL
mya_758d975c3a4fe48c5d93fe3c02470299,(ဃ)မြန်မာကုန်သွယ်မှုမြှင့်တင်ရေးအဖွဲ့။,0,0,0,0,0,0,NULL
mya_e07ce7813feca6298c3c93b01366f1be,အစမှာဖြစ်စေ၊ အဆုံးမှာဖြစ်စေ သမိုင်းဟူသောစကား များသောအားဖြင့်ပါရှိတတ်သည်။,0,0,0,0,0,0,NULL
mya_95a1845d395553d7bdaf7fc9c2422095,စိမ့်-ပညာရေးသည် မော်လမြိုင်မြို့ ဦးဘမှန်(လျှပ်စစ်-ငြိမ်း)နှင့် ဒေါ်နှင်းရွှေတို့မှ မွေးဖွားသည်။,0,0,0,0,0,0,NULL
mya_355cae8795ca0260c310e697ed33faa3,ငဝန်မြစ်ရေကာတာ ကျိုးပေါက်မှု မပြင်နိုင်သေးရင် လေးမျက်နှာရေဘေး ပိုဆိုးလာနိုင်။,0,0,0,0,0,0,NULL
mya_3297c068190f411de00274e0c17f61f5,မကြာသေးမီ ကာလများအတွင်းက စစ်အစိုးရသည် သူမ၏ပါတီ အမျိုးသားဒီမိုကရေစီအဖွဲ့ချုပ် (အန်အယ်လ်ဒီ)နှင့် စေ့စပ်ဆေးနွေးရန် လိုလားမှုပြသသည်။,0,0,0,0,0,0,NULL
mya_88cc6ead56ee3c7476629fd9861d5db6,မြန်မာစစ်အစိုးရအား စိတ်ပျက်ကြောင်း အာဆီယံနိုင်ငံများက ပြောကြားသည်။,0,0,0,0,0,0,NULL
mya_5a30011a80b09bbd6f78ccc62c4a4892,ရှေးအကျဆုံးသော ရှေးဟောင်းပစ္စည်းတစ်ခုဖြစ်သည့် ဘီးတပ်လှည်းတစ်စင်းအား ရေးဆွဲထားသော ပုံ၏သက်တမ်းကို ပြန်ကြည့်လျှင် လွန်ခဲ့သော ဘီစီ ၃၅၀၀ ခန့်က ဖြစ်နေပြီး ဘီးအသုံးပြုနိုင်မှုသည် ဤပုံမတိုင်မီ ရှေးကတည်းပင် ဖြစ်သည်။,0,0,0,0,0,0,NULL
mya_389914f5f53eaf9bd1924bbcbf7bc6e4,စစ်ကိုင်းတိုင်းဒေသကြီးအတွင်းတွင်။,0,0,0,0,0,0,NULL
mya_93ea5510342215b8fc4fa26531b6438a,ကိုးကန့် ကိုယ်ပိုင်အုပ်ချုပ်ခွင့်ရဒေသ။,0,0,0,0,0,0,NULL
mya_433f57bc00d016f4a777184d1b7f92ff,၂၀၂၀ ပြည့်နှစ် အထွေထွေရွေးကောက်ပွဲတွင်လည်း ထပ်မံ၍ တောင်ပြိုကမ်းပြို အနိုင်ရရှိခဲ့သော်လည်း ၂၀၂၁ ဖေဖော်ဝါရီ ၁ ၌ မြန်မာစစ်တပ်က အရပ်သားအစိုးရကို ဖယ်ရှား၍ နိုင်ငံတော်အာဏာကို သိမ်းယူခဲ့သည်။,0,0,0,0,0,0,NULL
mya_960711fe64823775f305be0418cef132,မည်သည့်အကြောင်းများက နီယိုလစ်သစ်ကျေးရွာများမှ Uruk ကဲ့သို့ ပထမဆုံးမြို့တော်များ၊ ပထမဆုံးသော လူ့ယဉ်ကျေးမှုအဖွဲ့အစည်းဖြစ်သော ဆူမားရီးယန်းခေတ်ကဲ့သို လူ့ယဉ်ကျေးမှုအဖွဲ့အစည်းအဖြစ် တိုးတက်ပြောင်းလဲစေရန် မည်သည့်အကြောင်းများကို အစပြုစေခဲ့သည်ကို တိတိပပ မသိရသေးချေ။,0,0,0,0,0,0,NULL
mya_77031227abf8029b7ff8e21b2abd51c2,ထို့ကြောင့် ယခုခေတ် ဘာသာဗေဒ သုတေသနစာတန်းဖတ်ပွဲများတွင် လက်ဟန်ခြေဟန်ဖြင့်ပြောသော ဘာသာစကားကိုပါ အသံထွက်ဘာသာစကားနှင့်အတူ ကျင်းပသည့် အစီအစဉ်ကို ရေးဆွဲလာကြပြီဖြစ်သည်။,0,0,0,0,0,0,NULL
mya_cd42b17bce6ad7c06777ca9e4d5c3334,ဦးမင်းအောင်လှိုင်ရဲ့ထိုင်းခရီးက သူ့ရဲ့ သံတမန်ရေးအထီးကျန်မှုကိုချိုးဖျက်ပေးနိုင်ခဲ့လား။,0,0,0,0,0,0,NULL
mya_4be99d63876cd3a64fd25cb6e18f8022,၁၉၇၁-ခုနှစ်တွင် ပညာရေးတက္ကသိုလ်သို့ ပြောင်းရွှေ့အမှုထမ်းပြီး ကထိကရာထူးဖြင့် အငြိမ်းစားယူခဲ့သည်။,0,0,0,0,0,0,NULL
mya_e60343b6278a30f38a2fc8d693ed9587,ဤအခြင်းအရာသည် စည်းကမ်းသတ်မှတ်ချက် မဟုတ်သော်လည်း ယေဘူယျဖြစ်ရိုးဖြစ်စဉ်တစ်ခုဖြစ်ဆိုသောအချက်က အဓိပါယ်နက်နဲလှသည်။,0,0,0,0,0,0,NULL
mya_0080a973b2fc45eba6df4169fbcae601,လမ်း၌ ယဉ်ကျေးခြင်း (၁၄) မျိုး။,0,0,0,0,0,0,NULL
mya_a38b617c4c439e6b200c1403f5e6a5ba,ပိုလီယိုခေါ် အရိုးပျော့ရောဂါကို လာမည့်နှစ်အနည်းငယ်အတွင်း အမြစ်ပြတ်သုတ်သင် ရှင်းလင်းရန် WHO က ရည်မှန်းထားသည်။,0,0,0,0,0,0,NULL
mya_2493e8a9c795d09b5dbab0862ccc35c8,၁၉၅၁ ခုနှစ်မှ ၁၉၅၄ ခုနှစ်အထိ ကူးသန်းရောင်းဝယ်ရေး အမည်ဖြင့်လည်းကောင်း၊ ၁၉၅၄ ခုနှစ်မှ ၁၉၆၂ ခုနှစ်အထိ ကုန်သွယ်ရေးတိုးတက်ရေးဝန်ကြီးဌာန အဖြစ်လည်းကောင်း ဖွဲ့စည်း၍ ကုန်သွယ်မှုလုပ်ငန်း များကို ဆောင်ရွက်ခဲ့သည်။,0,0,0,0,0,0,NULL
mya_018e6e1c2c15aedfd6f6b61ae1b9a594,''စစ်တပ်ပြောတဲ့ဖက်ဒရယ်နဲ့ ကျွန်တော်တို့ ပြောတဲ့ဖက်ဒရယ်မတူဘူး'' - ဒေါက်တာ ဆလိုင်းလျန်မှုန်းဆာခေါင်း။,0,0,0,0,0,0,NULL
mya_ea6a79e7415a8e69e49abdef8e3fd5b5,အထူးသဖြင့် သဘာဝ သယံဇာတ ထုတ်လုပ်ရေးလုပ်ငန်းများတွင် ဖြစ်သည်။,0,0,0,0,0,0,NULL
mya_c08f956d762533fe027f9f54bcfd39c9,KIA ပြန်ကြားရေးတာဝန်ခံ ဗိုလ်မှူးကြီး နော်ဘူက မိုးမိတ်ဟာ မန္တလေးတိုင်းနဲ့ ရှမ်းပြည်နယ်မြောက်ပိုင်း ဆုံစည်းရာမှာရှိတဲ့ မြို့ဖြစ်တာကြောင့် စစ်ရေးအရ အရေးပါတဲ့ နေရာတစ်ခုလို့ ပြောပါတယ်။,0,0,0,0,0,0,NULL
mya_f8f0f2e48b9352f9117601bfe2686fec,ယင်းနောက် ၁၉၉၈ ခုနှစ် ဧပြီလ ၁ ရက်နေ့မှစ၍ ဝန်ကြီးရုံး၊ ကုန်သွယ်ရေးညွှန်ကြားမှုဦးစီးဌာန ၊နယ်စပ်ကုန်သွယ်ရေးဦးစီးဌာနနှင့် မြန်မာ့လယ်ယာ ထွက်ကုန် ပစ္စည်းရောင်းဝယ်ရေးတို့ဖြင့် ပြင်ဆင်ဖွဲ့စည်းခဲ့ပြီး ကုန်ရောင်းဝယ်ရေးနှင့်လုပ်ငန်း ၈ ခုအား ဖျက်သိမ်းခဲ့သည်။,0,0,0,0,0,0,NULL
mya_173966b67189e6cce29fb2ef1189ec02,ကျောက်၊ အရိုး၊ သစ်တို့ဖြစ်လုပ်သော လက်နက်များထက်ပိုသော ကြေးလက်နက်များ၏ အကျိုးကျေးဇူးကို အစောပိုင်းလူသားများ နားလည်ခဲ့ကြပြီး သဘာဝအတိုင်းတွေ့ရသော ကြေးနီတို့ကို ကျောက်ခေတ်သစ်အစောပိုင်း (10 ka ခန့်)လောက်တွင် စတင်၍ အသုံးပြုခဲ့နိုင်သည်။,0,0,0,0,0,0,NULL
mya_81eed088f5975d3fcc69f60e67dac411,၂၀၂၄ ခုနှစ်၊ ဇန်နဝါရီ ၃၁ ရက်နေ့တွင် ပြည်ထောင်စုသမ္မတမြန်မာနိုင်ငံတော်၏ အမျိုးသားကာကွယ်ရေးနှင့် လုံခြုံရေးကောင်စီ အစည်းအဝေး (၁/၂၀၂၄) ကို ကျင်းပခဲ့ပြီး၊ နောက်တစ်နေ့ ဖေဖော်ဝါရီ ၁ ရက်တွင် နိုင်ငံတစ်ဝန်းလုံး အရေးပေါ်အခြေအနေ ကြေညာထားသည့်ကာလကို ၂၀၂၄ ခုနှစ်၊ ဖေဖော်ဝါရီ ၁ ရက်နေ့မှစ၍ နောက်ထပ် (၆) လ သက်တမ်းတိုးမြှင့်လိုက်ကြောင်း ဖွဲ့စည်းပုံအခြေခံဥပဒေပုဒ်မ ၄၂၅ အရ ကြေညာခဲ့သည်။,0,0,0,0,0,0,NULL
mya_f1839c0ed6136cf58125b8daa08a1c21,မွေးချင်းခြောက်ဦးအနက် အကြီးဆုံးသမီး ဖြစ်သည်။,0,0,0,0,0,0,NULL
mya_233c6d6995cacb71f53d73b617cab968,(င)ပြည်သူပိုင်ဆိုင် ၉၈၂ ဆိုင်။,0,0,0,0,0,0,NULL
mya_5dd7670b8f2e5b2a3f8c2b2420bdc91f,ဘုတ်အဖွဲ့၏ အဓိကလုပ်ငန်းများမှာ ယေဘုယျအားဖြင့် ညီလာခံကချမှတ်သော ဆုံးဖြတ်ချက်များနှင့် မူဝါဒများကို အကောင်အထည်ဖော် ဆောင်ရွက်ရန်၊ အကြံပေးရန်နှင့် ၎င်း၏လုပ်ငန်းများ လွယ်ကူချောမွေ့စေရန်တို့ ဖြစ်သည်။,0,0,0,0,0,0,NULL
mya_30126a147261a604e4ec54a7689a2b2e,အစောဆုံး နှစ်ပေါင်း 380 ka လောက်တွင် လူသားများသည် ယာယီအသုံးပြုနိုင်သော သစ်တဲများ ဆောက်လုပ်ခဲ့ကြသည်။,0,0,0,0,0,0,NULL
mya_b5a86da7ad64a3db8913412483480a20,ဒေါ်အောင်ဆန်းစုကြည်နဲ့ ICRC မှ ဌာနေကိုယ်စားလှယ်တို့ တွေ့ဆုံခဲ့ခြင်းနဲ့ ပတ်သက်ပြီး အမေရိကန်နိုင်ငံခြားရေးဝန်ကြီးဌာနနဲ့ အထက်လွှတ်တော် နိုင်ငံခြားဆက်ဆံရေးကော်မတီ ဥက္ကဋ္ဌတို့ရဲ့ ပြောဆိုချက်တွေကို သံရုံးက တုံ့ပြန်လာတာဖြစ်ပါတယ်။,0,0,0,0,0,0,NULL
mya_0722324de59e4e3c721c28d8928c4ed1,'ပြည်ထောင်စုကြံ့ခိုင်ရေးနှင့်ဖွံ့ဖြိုးရေးပါတီ' မှ အပြတ်အသတ် အနိုင်ရကာ ၂၀၁၁ ခုနှစ် ဧပြီ (၁) ရက်နေ့တွင် 'ပြည်ထောင်စု သမ္မတမြန်မာနိုင်ငံတော်' အဖြစ် ဒီမိုကရေစီ အရပ်သားအစိုးရ အဖြစ် ပြောင်းလဲခဲ့သည်။,0,0,0,0,0,0,NULL
mya_fcfe1f6bd6a2bef2c72983dab931bbce,သို့သော် နည်းပညာဆိုင်ရာလုပ်ငန်းအများစုသည် လေထု၊မြေထု၊ရေထုညစ်ညမ်းမှု (pollution) ဖြစ်စေသည့် ဘေးထွက်ပစ္စည်းများကို ထုတ်လုပ်ပြီး သယံဇာတများကို ပျက်စီးစေသည်။,0,0,0,0,0,0,NULL
mya_16a35b8c77ef0c3f745e1910c44d3841,ညီလာခံသည် ကျန်းမာရေး ပညာရပ်တွင် အရည်အချင်းပြည့်မီသော အဖွဲ့ဝင် 34 ဦးကို သုံးနှစ်စီသက်တမ်းရှိသော အလုပ်အမှုဆောင်ဘုတ်အဖွဲ့သို့ ရွေးကောက်တင်မြှောက်သည်။,0,0,0,0,0,0,NULL
mya_9fa965e8d2c18ac98a801fd5fc1d08d0,စက်မှုနှင့် သက်မွေးပညာ ဦးစီးဌာန။,0,0,0,0,0,0,NULL
mya_d4ac3d5fcadbcd3dd00d0def4039527a,အနာရောဂါများကို အမြစ်ပြတ် သုတ်သင်ရှင်းလင်းခြင်း လုပ်ငန်းအပြင် ကျန်းမာရေးနှင့်သက်ဆိုင်သည့် အမျိုးမျိုးသော စည်းရုံးလှုံ့ဆော်မှုများကိုလည်း ပြုလုပ်သည် - ဥပမာအားဖြင့် ကမ္ဘာတစ်ဝန်းလုံးတွင် သစ်သီးဝလံများနှင့် ဟင်းသီးဟင်းရွက်များ စားသုံးမှုကို မြှင့်တင်ရန်နှင့် ဆေးရွက်ကြီးအသုံးပြုမှုကို တားဆီးလျှော့ချရန်။,0,0,0,0,0,0,NULL
mya_8aac4015068043769c9a157e5cde19fe,အမျိုးသားကာကွယ်ရေးနှင့် လုံခြုံရေးကောင်စီအစည်းအဝေးသို့ ယာယီသမ္မတ ဦးမြင့်ဆွေ၊ ပြည်သူ့လွှတ်တော်ဥက္ကဋ္ဌ ဦးတီခွန်မြတ်၊ တပ်မတော်ကာကွယ်ရေးဦးစီးချုပ် ဗိုလ်ချုပ်မှူးကြီး မင်းအောင်လှိုင်၊ ဒုတိယတပ်မတော်ကာကွယ်ရေးဦးစီးချုပ် ဒုတိယဗိုလ်ချုပ်မှူးကြီး စိုးဝင်းနှင့် ပြည်ထောင်စုဝန်ကြီးများဖြစ်ကြသော ဗိုလ်ချုပ်ကြီး မြထွန်းဦး (ကာကွယ်ရေး)၊ ဒုတိယဗိုလ်ချုပ်ကြီး စိုးထွဋ် (ပြည်ထဲရေး)၊ ဦးဝဏ္ဏမောင်လွင် (နိုင်ငံခြားရေး)၊ ဒုတိယဗိုလ်ချုပ်ကြီး ထွန်းထွန်းနောင် (နယ်စပ်ရေးရာ) တို့ တက်ရောက်ခဲ့ကြသည်။,0,0,0,0,0,0,NULL
mya_7f21d4115809fc90e5c4d17a628d479f,သမိုင်းကို ရေးသားသော ပညာရှင်များကို သမိုင်းပညာရှင်ဟု ခေါ်ဆိုလေ့ရှိကြသည်။,0,0,0,0,0,0,NULL
mya_0a2bdd9311fb70c9769d4e4f63cce28d,(ဃ)မြို့နယ်/မြို့မ/ဒေသစိတ်ကုန်သွယ်ရေး ၂၈၃ခု။,0,0,0,0,0,0,NULL
mya_b416c218b0418bb285be9bf989e1184c,သမိုင်းပညာရှင်များသည် သမိုင်း၏ သဘောသဘာဝ နှင့် အသုံးဝင်မှုတို့ကို ငြင်းခုံလေ့ ရှိကြသည်။,0,0,0,0,0,0,NULL
mya_8bc16d41eb9568c5757d996e1102c671,ဘုရား၊ ဂူ၊ ကျောင်း၊ တန်ဆောင်း၊ စဆွံ၊ ဓမ္မသာလာ၊ တန်တား၊ ပုဂ္ဂိုလ်ထူး၊အကြောင်းအရာထူး စသည်တို့နှင့်စပ်လျဉ်း၍ စကားပြေဖြင့် ဖြစ်စေလင်္ကာဖြင့်ဖြစ်စေ စီကုံးရေးသားထားသည်များကိုသမိုင်းဟုခေါ်သည်။,0,0,0,0,0,0,NULL
mya_5e85878bdc9c7c77ff9bbdc49eb6fbab,မြန်မာနိုင်ငံရှိ နည်းပညာတက္ကသိုလ်များ။,0,0,0,0,0,0,NULL
mya_2872bf1aa204cef20d46db0b56f76e4e,သို့သော် FOXP2 သည် ဘာသာစကား သင်ယူတတ်စွမ်းမှု မရှိသည့် တိရစ္ဆာန်များ အများစုတွင် လည်းရှိနေသည့် အတွက်ကြောင့်၊ FOXP2ခြားနားမှု သည် ဘာသာစကား သင်ယူတတ်စွမ်းမှုနိုင်မှု အတွက် မရှိမဖြစ်လိုအပ်သော အခြေအနေဖြစ်သည်ဟု အတိအကျ ပြောဆိုနိုင်ရန်အတွက်မူ ရှင်းလင်းသက်သေပြမှုများ မရှိသေးသဖြင့် ထိုအချက်အတွက် စောင့်ကြည့်ရန်လိုသေးသည်။,0,0,0,0,0,0,NULL
mya_317a9c123adf926272556ab297dc9500,အိမ်၌ ယဉ်ကျေးခြင်း (၃၂) မျိုး။,0,0,0,0,0,0,NULL
mya_6bf0c1ba22068e77338561f7dea6741f,၂၀၁၅ ခုနှစ်တွင် အထွေထွေရွေးကောက်ပွဲမှ တင်မြှောက်ခံရသော လွှတ်တော်ကိုယ်စားလှယ်များပါဝင်သော ဒုတိယအကြိမ်လွှတ်တော်ကအစည်းအဝေးကို ၂၀၁၆ ခုနှစ် ဖေဖော်ဝါရီလ (၁) ရက်နေ့တွင် စတင်ခေါ်ယူကျင်းပခဲ့သည်။,0,0,0,0,0,0,NULL
mya_be0a86b58a8acaf248e2fcaf3af8ab22,တရားစီရင်ခြင်းကဏ္ဍသည် အုပ်ချုပ်ရေးကဏ္ဍလက်အောက်မှ လွတ်လပ်စွာ သီးခြားရပ်တည်ခြင်းမရှိ။,0,0,0,0,0,0,NULL
mya_375b898344971310bebe26da4c848e4a,ကမ္ဘာပေါ်တွင် စကားအဖြစ်ပြောသည့် ဘာသာစကားပေါင်း ၇၀၀၀ ကျော်ရှိသည်ဟု ခန့်မှန်းထားသည်။,0,0,0,0,0,0,NULL
mya_0f94def2ee28a2e22415d2e6025970a4,အများအားဖြင့် ကျန်းမာသော အရွယ်ရောက်ပြီးသူ လူကြီးများအပေါ် အာရုံစိုက် လုပ်ဆောင်ပါသည်။,0,0,0,0,0,0,NULL
mya_11da51fa6b2729ed2ce2b2e2751b55e2,မြန်မာနိုင်ငံဖွဲ့စည်းပုံအခြေခံဥပဒေများ။,0,0,0,0,0,0,NULL
mya_6e96262e089ced8ee448953fa5c5e2b0,၂၀၀၈ ခုနှစ် ဖွဲ့စည်းပုံအခြေခံဥပဒေ ပုဒ်မ ၄၁၂ ပုဒ်မခွဲ (ခ) အရ၊ အရေးပေါ်အခြေအနေ ကြေညာထားသည့် ကာလကုန်ဆုံးပါက ခြောက်လစီ နှစ်ကြိမ်အထိ ထပ်မံတိုးမြှင့်နိုင်သည်ဟု ပြဋ္ဌာန်းထားသည်။,0,0,0,0,0,0,NULL
mya_a214f8b81a569266cf5af8af719a666e,ဗိုလ်ချုပ်ကြီးရဲဝင်းဦး ရဲ့ ရက် ၁၀၀။,0,0,0,0,0,0,NULL
mya_ffddabfbe76bdec6f58bb1c38aabac34,တပင်ရွှေထီးနဲ့ ဘုရင့်နောင်ခေတ်မှာ မွန်၊ မြန်မာ၊ ရှမ်းနဲ့ ထိုင်းယွန်း စတဲ့ လူမျိုးစုံကို စုစည်းပြီး လက်နက်နိုင်ငံကြီး ထူထောင်ဖို့ ကြိုးစားခဲ့ကြပေမယ့်လည်း လူမျိုးစုချင်း သဟဇာတပေါင်းစည်းမှုထက် ပဒေသရာဇ် သစ္စာခံမှုအပေါ်ကို အားပြုတည်ဆောက်တဲ့ နိုင်ငံဖြစ်တာနဲ့ စစ်ဒဏ်ပိပြီး စိုက်ပျိုးကုန်သွယ်ရေးတွေမှာ အားမကောင်းတာတွေကြောင့် အင်္ဂလန်၊ ပြင်သစ် စတဲ့ ခေတ်ပြိုင် ဥရောပနိုင်ငံကြီးတွေလို အမျိုးသားနိုင်ငံအဆင့်ကို မြန်မာနဲ့ ပေါင်းသဟာယ ပြည်ထောင်များအဖြစ် မတက်လှမ်းနိုင်ဖြစ်ခဲ့ပါတယ်။,0,0,0,0,0,0,NULL
mya_298953ab7203d6a33a7729d4f9c82406,ဥပမာ- ဖြူးဖြူး မှ လေတဖြူးဖြူး။,0,0,0,0,0,0,NULL
mya_8b00351097862070eefe4d54f2fec7f7,မြန်မာကျောင်းသားတွေအတွက် မနှစ်က အမေရိကန်ပညာရေးတံခါးပိတ်သွားပြီး ဒီနှစ်မှာတော့ ယူကေရဲ့တံခါးပိတ်သွားတယ်လို့ ပြောနိုင်ပါတယ်။,0,0,0,0,0,0,NULL
mya_280d16853567a3973952328028646050,ပြည်သူ့လွှတ်တော်ဥက္ကဋ္ဌအဖြစ် ' သူရဦးရွှေမန်း' နှင့် အမျိုးသားလွှတ်တော် ဥက္ကဋ္ဌအဖြစ် 'ဦးခင်အောင်မြင့်' တို့ ခန့်အပ်ခြင်းခံခဲ့သည်။,0,0,0,0,0,0,NULL
mya_d2cadb2f7a8853016914ba221189876f,သို့သော် အပြည့်အဝ မဟုတ်ပေ။,0,0,0,0,0,0,NULL
mya_5c76ebcb3771069757e78793e876cb92,အမျိုးသားဓာတ်ခွဲခန်း တို့ဖြစ်သည်။,0,0,0,0,0,0,NULL
mya_b42b8912a86efd0c8fc0cf24d9125e69,အစောဆုံးသော လေစွမ်းအားရင်းမြစ်ကို သုံးစွဲခဲ့မှုသည် ရွက်လှေများအတွက် အသုံးပြုခဲ့ခြင်းဖြစ်ပြီး မှတ်တမ်းများအရ အစောဆုံးသော ရွက်လွင့်ခဲ့သော သင်္ဘောမှာ နိုင်းလှေ (Nile boat ) ဖြစ်ပြီး လွန်ခဲ့သော ဘီစီ ၈ မီလီယံလောက်တွင် ဖြစ်သည်။,0,0,0,0,0,0,NULL
mya_e25d61121f3e4a803270ec624c4fa429,ကူးစက်ပျံ့နှံ့တတ်သော ရောဂါများ၊ ကူးစက်ပျံ့နှံ့ခြင်း မရှိသော အခြေအနေများနှင့် ထိခိုက်ဒဏ်ရာရမှုများ- ဥပမာအားဖြင့် အကယ်၍ ကျွန်ုပ်တို့သည် အပိုနှစ်များ အသက်ရှင် နေထိုင်ရပါက ထိုနှစ်များကို ကျန်းမာရေး ကောင်းစွာ သို့မဟုတ် ညံ့ဖျဉ်းစွာ အသက်ရှင် နေထိုင်ရမည်ဟူသော ဇရာနှင့် ပတ်သက်သော လေ့လာမှုများနှင့် ဆဲလ်ဖုန်းခေါ် လက်ကိုင်ဖုန်း ပတ်ဝန်းကျင်ရှိ လျှပ်စစ်သံလိုက်ဓာတ် စက်ဝန်းသည် ကျန်းမာရေးအပေါ် သက်ရောက်မှုရှိမရှိ ဆိုသည်တို့ကို ဆုံးဖြတ်နိုင်ရန်အတွက် ဇရာနှင့် ကာလကြာရှည်စွာ သုတေသနလုပ်၍ စုဆောင်းရရှိသော သတင်းအချက်အလက်များကို လေ့လာမှုများ။,0,0,0,0,0,0,NULL
mya_a6cc141223eac11510f993095c495969,ကျန်းမာရေး အခြေအနေများကြောင့် ဆေးခွင့်ယူထားသည့် ယာယီသမ္မတ ဦးမြင့်ဆွေသည် တာဝန်များ ဆောင်ရွက်ရန် ပျက်ကွက်နေစဉ် အမျိုးသားကာကွယ်ရေးနှင့် လုံခြုံရေးကောင်စီဆိုင်ရာ ကိစ္စရပ်များကို လိုအပ်သလို ဆောင်ရွက်နိုင်ရန် ယာယီသမ္မတတာဝန်များအား နစကဥက္ကဋ္ဌထံသို့ ၂၀၂၄ ခုနှစ်၊ ဇူလိုင် ၂၂ ရက်က လွှဲပြောင်းအပ်နှံခဲ့သည်။,0,0,0,0,0,0,NULL
mya_18824bc669906145d36c1b97d5204db1,၁၉၉၂ ခုနှစ်မှ ၂၀၁၁ ခုနှစ်အထိ နိုင်ငံ့အကြီးအကဲမှာ ဗိုလ်ချုပ်မှူးကြီး သန်းရွှေဖြစ်ပြီး နိုင်ငံတော်အေးချမ်းသာယာရေးနှင့် ဖွံ့ဖြိုးရေးကောင်စီ၏ ဥက္ကဋ္ဌဟူသည့် ရာထူးကို ရယူထားသည်။,0,0,0,0,0,0,NULL
mya_cb354ad064ad8b332959bb808fbedf3b,နိုင်ငံတော်၏ ပြုပြင်ပြောင်းလဲမှုများနှင့်လိုက်လျောညီထွေဖြစ်စေရန် ဝန်ကြီးဌာနများကို ပြင်ဆင် ဖွဲ့စည်းခဲ့ရာ ယခု စီးပွားရေးနှင့် ကူးသန်းရောင်းဝယ်ရေးဝန်ကြီးဌာနကို အောက်ပါအတိုင်း ဖွဲ့စည်းထားရှိသည်။,0,0,0,0,0,0,NULL
mya_a043edc8f218a6876c04ef28489ced4a,သို့သော်လည်း ၁၉၆၂ ခုနှစ်တွင် အာဏာသိမ်းမှုတစ်ခုဖြစ်ခဲ့ပြီး မြန်မာနိုင်ငံသည် ဗိုလ်ချုပ်နေဝင်း ဦးဆောင်သည့် 'မြန်မာ့ဆိုရှယ်လစ်လမ်းစဉ်ပါတီ' လက်အောက်တွင် ဆိုရှယ်လစ်စနစ် ကျင့်သုံးသည့် အစိုးရတစ်ရပ်ထူထောင်ရန် ကြိုစားခဲ့သည်။,0,0,0,0,0,0,NULL
mya_4ba06d799ca8ae7c0d7c77a65768be46,အဓိကရုံးတာဝန်ရှိ ပုဂ္ဂိုလ်များ။,0,0,0,0,0,0,NULL
mya_f4e1405b274736d72254e064993f9435,သဘာဝအတိုင်းတွေ့ရသော ကြေးနီတို့ကို သဘာဝအတိုင်းအများအပြား မတွေ့နိုင်ပဲ ကြေးနီရိုင်းများကိုတော့ များပြားစွာတွေ့နိုင်ကာ အချို့ကို သစ်များ၊ မီးသွေးများလောင်ကျွမ်းခြင်းဖြင့်ပင် ရရှိနိုင်သည်။,0,0,0,0,0,0,NULL
mya_1d7104b13c3c68259b075311cc934fdc,ယခုခေတ် “မော်လီကျူး ဇီဝပညာ” Molecular biology သုတေသနအရ FOXP2ဟုခေါ်သော မျိုးရိုးဗီဇ ၏အမျိုးအစား ခြားနားမှု နှင့်လိုက်၍ ဘာသာစကား သင်ယူတတ်ကျွမ်းမှု စွမ်းရည် ကွာခြားမှု တို့ ဆက်စပ်မှု ရှိနိုင်သည်ဟုဆိုသည်။,0,0,0,0,0,0,NULL
mya_0067ad1040b5af20ace2b260ffb1f9eb,ဦးမင်းအောင်လှိုင်ရဲ့ ထိုင်းခရီးစဉ်ဟာ နေပြည်တော်ရဲ့ အာဆီယံနဲ့ ဒေသတွင်းမှာ နိုင်ငံတကာဆက်ဆံရေးပြန်တည်ဆောက်ဖို့ကြိုးပမ်းနေချိန်နဲ့ ထိုင်းရဲ့ နယ်စပ်တည်ငြိမ်ရေးလိုအပ်ချက်တို့ တိုက်ဆိုင်နေချိန်မှာ ဖြစ်ပေါ်ခဲ့တာပါ။,0,0,0,0,0,0,NULL
mya_6e2717a9fd430228d90e279e52bd710b,သဘာဝ ဆိုသည်မှာ ရုပ်လောက တွင်ဖြစ်ပျက်နေမှုကို ရည်ညွှန်းပြီး ယေဘုယျအားဖြင့် အသက်ရှိခြင်း နှင့်ဆိုင်သည်။,0,0,0,0,0,0,NULL
mya_eaac5c0b940e1f6aeb1efba53f1787d8,ပလောင် ကိုယ်ပိုင်အုပ်ချုပ်ခွင့်ရဒေသ။,0,0,0,0,0,0,NULL
mya_fad136ca3a0cfb4879a61689dcc195bc,သြဂုတ် ၁၅ ရက်သတင်းများအနှစ်ချုပ် - ဒေါ်အောင်ဆန်းစုကြည်ကိုလွှတ်ပေးဖို့ အမေရိကန်ပြောဆိုချက် စိတ်မသက်မသာဖြစ်ရတယ်လို့ နေပြည်တော်တုံ့ပြန်။,0,0,0,0,0,0,NULL
mya_1683334237df1e17424ed51707bc199a,အီးမေးလ် ဝန်ဆောင်မှုများ၊ အခမဲ့ဝက်ဘ်လုပ်ငန်းများနှင့် နိုင်ငံရေးအရ အတိုက်အခံဘက်မှ ရပ်တည်သည့် ဒီမိုကရေစီလိုလားသော ဝက်ဘ်စာမျက်နှာများကိုလည်း ကန့်သတ်ထားသည်။,0,0,0,0,0,0,NULL
mya_bc17dae20cd12d96eaf01babe8e48612,ထို့အပြင်၊ အထူးဖိတ်ကြားထားသည့် နစက အတွင်းရေးမှူး ဒုတိယဗိုလ်ချုပ်ကြီး အောင်လင်းဒွေးနှင့် တွဲဖက်အတွင်းရေးမှူး ဒုတိယဗိုလ်ချုပ်ကြီး ရဲဝင်းဦး တို့လည်း ပါဝင်ခဲ့သည်။,0,0,0,0,0,0,NULL
mya_b6a28d339d8aa62512ba9e843258f5e8,အပြည်ပြည်ဆိုင်ရာ အဏုမြူစွမ်းအင် အေဂျင်စီ IAEA။,0,0,0,0,0,0,NULL
mya_55ca613892103c5e0b22fe18af227a4c,မြန်မာနိုင်ငံ၏ အချုပ်အခြာအာဏာ။,0,0,0,0,0,0,NULL
mya_153dd8b4fd98c67bf52eb2755db078e4,ပုံစံအားဖြင့်ပုဂံပညာရှိမွန်း။,0,0,0,0,0,0,NULL
mya_9986178e854f20f1c4aeb1c5f6e38cb6,WHO အဖွဲ့ဝင်နိုင်ငံများသည် WHO ၏ အချုပ်အချာ ဆုံးဖြတ်ချက်ချရာ အစုအဖွဲ့ဖြစ်သည့် ကမ္ဘာ့ကျန်းမာရေး ညီလာခံသို့ တက်ရောက်ရန် ကိုယ်စားလှယ်များ ခန့်အပ်သည်။,0,0,0,0,0,0,NULL
mya_39def2754113ab170998405b2be6f1fb,Аလူတို့ အချင်းချင်း ပြောဆိုရေးသား ဆက်သွယ်ရာ၌ သုံးသော ဘာသာစကား (အင်္ဂလိပ်: langauge) တခုခု ဆိုသည်မှာ -။,0,0,0,0,0,0,NULL
mya_24e46d8c3e3cdbae675c4297ff587a5d,ရွေးကောက်ပွဲနောက်ဆုံးရလဒ်များကို ရွေးကောက်ပွဲ ကော်မရှင်အဖွဲ့က ၂၀၁၀ နိုဝင်ဘာ ၁၇ ရက်နေ့တွင် တရားဝင် ထုတ်ပြန်ကြေညာခဲ့သည်။,0,0,0,0,0,0,NULL
mya_bd87cb2b2ef163aa989681ba1f1b40c7,"ထိုအရေးဆိုမှုအား ""စုစုပေါင်းခွန်အား စွမ်းအင်၏ ၁၀% ထက်နည်းပြီး သကြားကင်းလွတ်ရေးဟူသော လူထုရည်မှန်းချက်ပန်းတိုင်သည် အငြင်းပွားဖွယ်ဖြစ်ကြောင်း နှီးနှောဖလှယ်ပွဲက အသိအမှတ်ပြုသည်""ဟူသော ကြေညာချက်တစ်ခု အစီရင်ခံစာထဲတွင် ထည့်သွင်းခြင်းဖြင့် WHO/FAO ကတုံ့ပြန်ခဲ့သည်။",0,0,0,0,0,0,NULL
mya_50ce4f4a760eec301e1b5088f2eed7cd,ငြိမ်းချမ်းရေး နိုဘယ်လ်ဆုရှင် ဒီမစ်ထရီ မူရာတော့ဗ်နဲ့ ဘီဘီစီ သတင်းထောက် စတိဗ် ရိုဇင်ဘတ်တို့ အင်တာဗျူးမှာ မစ္စတာ မုရတော့ဗ်က ပူတင်ဟာ ယူကရိန်းကို ဖျက်ဆီးလို့သာ ရနိုင်မယ်၊ အောင်ပွဲကို ဘယ်တော့မှ ရမှာမဟုတ်ဘူးလို့ ပြောပါတယ်။,0,0,0,0,0,0,NULL
mya_1367c120eef57921d7fd2b413ba45d95,နိုင်ငံတော် သမ္မတမှာ ဦးသိန်းစိန် ဖြစ်လာခဲ့သည်။,0,0,0,0,0,0,NULL
mya_e8ca0be91fd5ab3825ad8fcae7aede88,ဂျပန်ဝီကီhttp://ja.wikipedia.org/wiki/%E8%A8%80%E8%AA%9E.com။,0,0,0,0,0,0,NULL
mya_548d3fe5aaf90f485e326dcf77941d09,စစ်အစိုးရသည် ဆိုးရွားလှသည့် လူ့အခွင့်အရေးချိုး ဖေါက်မှုမှတ်တမ်းအတွက် အပြစ်တင်ပြောဆိုခံနေရပြီး တိုင်းပြည်အတွင်း ဖြစ်ပျက်နေသည့် လူအခွင့်အရေး အခြေအနေအပေါ် နိုင်ငံတကာ အဖွဲ့အစည်းများစွာတို့က စိုးရိမ်မကင်း ဖြစ်လျက်ရှိသည်။,0,0,0,0,0,0,NULL
mya_1934cda0d84151a7c9db0cf3966644a8,ဥပမာ၊ ပျားကောင်ကလေးများသည် ပျားရည်ရှိရာအရပ်ကို လှုပ်ရှားမှု တစ်ခုဖြင့် ပျားကောင်ကလေးများအချင်းချင်း အသိပေးလေ့ရှိကြသည်။,0,0,0,0,0,0,NULL
mya_a92246af4c33d5b91ba2fd5fb676cf20,မြန်မာကုန်သွယ်မှုမြှင့်တင်ရေးအဖွဲ့။,0,0,0,0,0,0,NULL
mya_39bfd2df94f1c59d093c553b65674374,ပါတီအလိုက် ရွေးကောက်တင်မြှောက် ခံရသည့် အမတ်ဦးရေမှာ။,0,0,0,0,0,0,NULL
mya_e8692b91e8257ff00b6c6fbae8871533,၂၀၂၃ ခုနှစ်၊ ဇန်နဝါရီလ ၃၁ ရက်နေ့တွင် ပြည်ထောင်စုသမ္မတမြန်မာနိုင်ငံတော်၏ အမျိုးသားကာကွယ်ရေးနှင့် လုံခြုံရေးကောင်စီ အစည်းအဝေး (၁/၂၀၂၃) ကို ကျင်းပခဲ့ပြီး၊ နောက်တစ်နေ့ ဖေဖော်ဝါရီ ၁ ရက်တွင် နိုင်ငံတစ်ဝန်းလုံး အရေးပေါ်အခြေအနေ ကြေညာထားသည့်ကာလကို ၂၀၂၃ ခုနှစ်၊ ဖေဖော်ဝါရီလ ၁ ရက်နေ့မှစ၍ နောက်ထပ် (၆) လ သက်တမ်းတိုးမြှင့်လိုက်ကြောင်း ဖွဲ့စည်းပုံအခြေခံဥပဒေပုဒ်မ ၄၂၅ အရ ကြေညာခဲ့သည်။,0,0,0,0,0,0,NULL
mya_e7e1f8a557a5bb832804d9e8ea029318,လူ့အဖွဲ့အစည်းတွင် နည်းပညာသည် သိပ္ပံနှင့် အင်ဂျင်နီယာပညာရပ်များနှင့် ဆက်စပ်ဖြစ်ပေါ်လာပြီး အဆိုပါပညာရပ်နှစ်ခုမှ ဆင့်ပွား၍ နည်းပညာအမျိုးမျိုး ဖြစ်ပေါ်လာသည်။,0,0,0,0,0,0,NULL
mya_6e6bd41a2b772a979cbaa7916195779c,ပုံစံအားဖြင့်သမိုင်းတန်ဆောင်၊ ကမ္ပည်းဆောင်အံ့၊ ဉာဏ်ရောင်ဖြန့်ချိ၊နှိုင်းချိန်ညှိလော့၊လောကီအရာ စသည်ဖြင့် သမိုင်း လင်္ကာမှန်းသိအောင် သမိုင်းဆိုသည့်ပုဒ်ကို။,0,0,0,0,0,0,NULL
mya_b17f99a6bcc1d01691454c92ce4fb9b7,ငယ်အမည်မှာ မတင်စိန် ဖြစ်သည်။,0,0,0,0,0,0,NULL
mya_2574c86999d6f933e78c3acfcc517944,မကြာသေးမီက ကမ္ဘာပေါ်တွင် သိရှိခဲ့သမျှ၌ ရှေးအကျဆုံးဟု ဆိုနိုင်သည့် သစ်သားဘီးတစ်ခုကို ဆလိုဗေးနီးယားရှိ Ljubljana marshes နွံတောများထဲမှ တွေ့ရှိခဲ့ကြသည်။,0,0,0,0,0,0,NULL
mya_ad41f6984e3e33b70ca8e272f65d7c26,ကျောက်ခေတ်ဟောင်း ဖွံ့ဖြိုးတိုးတက်မှုများတွင် လူသားများနေထိုင်ရာ အိမ်တို့သည် ပိုမိုခေတ်မီဆန်းပြားလာပြီး ပိုမိုအသေးစိတ်လာသည်။,0,0,0,0,0,0,NULL
mya_1a136d379f20014f3b532be9278141c9,မြန်မာနိုင်ငံအား တိုင်း ၇ တိုင်းနှင့် ပြည်နယ် ၇ ပြည်နယ် ဟု အုပ်ချုပ်ရေးနယ်မြေ ၁၄ ခု ခွဲခြားထားသည်။,0,0,0,0,0,0,NULL
mya_33eb64e9c797191c487add172edc5fc3,WHO တွင် လိချ်တန်စတိန်း(Liechtenstein)မှအပ UN အဖွဲ့ဝင်နိုင်ငံများအားလုံးနှင့် အဖွဲ့ဝင်မဟုတ်သော နိုင်ငံနှစ်ခုဖြစ်သည့် နယူးဝေး(Niue)နှင့် ကွတ်ခ်ကျွန်းစုများ (Cook Islands) အပါအဝင် အဖွဲ့ဝင်နိုင်ငံ 193 နိုင်ငံ ရှိသည်။,0,0,0,0,0,0,NULL
mya_006c864358fe1fb5ca3b1e9e74e2cab3,ကွယ်လွန်ချိန်တွင် အသက် ၉၃ နှစ်ရှိသည်။,0,0,0,0,0,0,NULL
mya_6e067f9cc1d893f31bb6e2597f003d06,ပြည်သူ့လွှတ်တော် ဥက္ကဋ္ဌအဖြစ် 'ဦးဝင်းမြင့်' နှင့် အမျိုးသားလွှတ်တော် ဥက္ကဋ္ဌအဖြစ် 'မန်းဝင်းခိုင်သန်း'တို့ခန့်အပ်ခြင်း ခံခဲ့ရသည်။,0,0,0,0,0,0,NULL
mya_dcb801adf1f38b9fedca3d287f8ad6ae,ဘီးကို တီထွင်နိုင်မှုသည် ကုန်သွယ်ရေးနှင့် စစ်ပွဲများအတွက် တော်လှန်ပြောင်းလဲမှုတစ်ရပ် ဖြစ်ခဲ့သည်။,0,0,0,0,0,0,NULL
mya_32b9ebf3ab754fa35e8a6c9c9c56fc0e,အချို့ ကုမ္ပဏီများသည် အရွယ်ရောက်ပြီးသူ လူကြီးများတွင် စိတ်ချရသော စိစစ်မှုများ ပြုလုပ်ပြီးနောက်၊ သက်ကြီးရွယ်အိုများနှင့် ကလေးများဖြင့် ဆေးဝါးကုသခြင်း လက်တွေ့စမ်းသပ်မှုများ စတင်ပြုလုပ်နေပြီ ဖြစ်သည်။,0,0,0,0,0,0,NULL
mya_4493155542683036f2dfb74c2935d65d,အော်သံမှ တိရစ္ဆာန်တို့၏အမည် ပေါ်ပေါက်လာခြင်း။,0,0,0,0,0,0,NULL
mya_5bdf40a9b4e76a08b9f1f6ce19113007,အလွန်ရိုးရှင်းသော စွမ်းအင်ရင်းမြစ်ဖြစ်ပြီး များပြားကြီးကျယ်လှသော အသုံးဝင်မှုရှိသည့် မီးအား ရှာဖွေတွေ့ရှိခြင်းနှင့် အသုံးပြုတက်ခြင်းသည် လူသားမျိုးနွယ်တို့၏ နည်းပညာဆင့်ကဲပြောင်းလဲခြင်း၏ အရေးပါသော အလှည့်အပြောင်းတစ်ခုဖြစ်သည်။,0,0,0,0,0,0,NULL
mya_ede8a1c08139759994efcf112b12c85f,တိုင်းပြည်၏လိုအပ်ချက်များကို အာရုံစူးစိုက်သော သုတေသနလုပ်ငန်းကို အသုံးပြုရန်နှင့် လုပ်ဆောင်ရန် အတွက် အမျိုးသား ကျန်းမာရေး သုတေသနစနစ်များနှင့် သက်သေခံ အထောက်အထား သတင်းပို့ရေး ပေါ်လစီ ကွန်ယက် (Evidence Informed Policy Network)- EVIPNet ကဲ့သို့သော အသိပညာဗဟုသုတ ဘာသာပြန် စင်မြင့်များကို ဖေးမထောက်ကူပေးခြင်းဖြင့် အဖွဲ့ဝင်နိုင်ငံများ၏ လုပ်ဆောင်နိုင်စွမ်းအားများ ဖွံ့ဖြိုးတိုးတက်မှုကို WHO က အားပေးမြှင့်တင်ပေးပါသည်။,0,0,0,0,0,0,NULL
mya_4d03ecba25b2b506e882506113c8ba78,သမုတိမှ သံ - မညတေတိ၊ သမုတိ၊ သမ္မုတိမှ သမ္မနနံ-သမ္မုတိ ဟု ဝိဂြိုဟ် အသီးသီးဆိုကာ - သံပုဗ္ဗ မနဓာတ်ဖြင့် ကောင်းစွာသိခြင်းကိုချည်း ပြသည်။,0,0,0,0,0,0,NULL
mya_1838cd7b9b96b6dbfaed1d42fed43b1e,အမှန်အားဖြင့်ဆိုသော် ဤအချက်က ပို၍များ၏။,0,0,0,0,0,0,NULL
mya_12c9d68b718e56a496c2c1a41a32004f,ဒေါ်အောင်ဆန်းစုကြည်သည် မြန်မာနိုင်ငံဒီမိုကရေစီ ပြန်လည်ရရှိရေးအတွက် တိုက်ပွဲဝင်ရာတွင် ချီးကျူး ခြင်းခံရသည်။,0,0,0,0,0,0,NULL
mya_c9a015f2fab034f8bb56a0bbef27daa9,ဘာသာစကား သည် မည်သို့မည်ပုံပေါ်ပေါက်၍ ပေါ်ပေါက်သည့် နေရာသည် ကမ္ဘာ၏နေရာတစ်နေရာမှသော်လည်းကောင်း၊ နေရာများစွာတို့မှလည်းကောင်း စတင်ခဲ့သည်တို့ကို အမျိုးမျိုး ယူဆသတ်မှတ်လျက် ရှိကြသည်။,0,0,0,0,0,0,NULL
mya_6f0932da5925f15781aac5d597f5cd51,လူတို့က မသိ၍သာ မြုပ်ကွယ်နေမည်။,0,0,0,0,0,0,NULL
mya_999f4644f29e66975b63a68a6a8477c4,နည်းပညာ၊_သက်မွေးပညာနှင့်_လေ့ကျင့်ရေး_ဦးစီးဌာန။,0,0,0,0,0,0,NULL
mya_e2ab18fea7998dfdbc00695336b423c6,ဝ ကိုယ်ပိုင်အုပ်ချုပ်ခွင့်ရတိုင်း။,0,0,0,0,0,0,NULL
mya_c9cce0b9c15acacb772efbd277f9c9d6,မြန်မာနိုင်ငံ၏ အခြေအနေကို ကုလသမဂ္ဂတွင် အလွတ်တန်းသဘော ဆွေးနွေးတိုင်ပင်ကြရန် ၂ဝဝ၅ ခုနှစ် ဒီဇင်ဘာလက ကုလသမဂ္ဂ လုံခြုံရေးကောင်စီသို့ ပထမဆုံးအကြိမ်အဖြစ် တင်သွင်းခဲ့သည်။,0,0,0,0,0,0,NULL
mya_b82e687b32ebdc31d456eb9d45e4021b,သစ်များနှင့် မီးသွေးများအား လောင်ကျွမ်းစေခြင်းဖြင့် ရရှိလာသော မီးများသည် အစောပိုင်းလူသားများအား သူတို့၏ အစားအစာများအား ချက်ပြုတ်စားသောက်စေနိုင်ခြင်းသည် အစာချေချက်အားကို ကောင်းမွန်လာစေရုံမက အာဟာရဓာတ်များလည်း တိုးလာစေပြီး စားသုံးနိုင်သော အစာအစားအမျိုးအစားများ များပြားလာစေခဲ့သည်။,0,0,0,0,0,0,NULL
mya_971e60f1d0172c80cf4b8468290f315e,၎င်း၏ ဖွဲ့စည်းပုံ အခြေခံ ဥပဒေသည် ၂၆ ခုမြောက် အဖွဲ့ဝင်နိုင်ငံက အတည်ပြုသော ပထမအကြိမ် ကမ္ဘာ့ကျန်းမာရေးနေ့ (၁၉၅၀ ခုနှစ် ဧပြီလ ၇ ရက်)တွင် တရားဝင် ထိရောက်စွာ စတင်ခဲ့သည်။,0,0,0,0,0,0,NULL
mya_74daaaaf79f8b50046417841b7e3b820,ဝန်ကြီးဌာနလက် အောက်တွင် နည်းပညာတက္ကသိုလ် (၃၃)ခု၊ ကွန်ပျူတာတက္ကသိုလ် (၂၇)ခု၊ အစိုးရနည်းပညာ ကောလိပ် (၇)ခု၊ အစိုးရစက်မှုလက်မှုသိပ္ပံ (၂၂)ခု၊ အစိုးရနည်းပညာအထက်တန်း ကျောင်း (၃၅)ခု၊ သက် မွေးပညာသင်တန်း ကျောင်း (၉)ခုတို့ တည်ရှိသည်။,0,0,0,0,0,0,NULL
mya_c207f178acb5c8b7ab5b9fca3de4b4b8,အမျိုးသားကာကွယ်ရေးနှင့် လုံခြုံရေးကောင်စီအစည်းအဝေးသို့ ယာယီသမ္မတ ဦးမြင့်ဆွေ၊ ဒုတိယသမ္မတ ဦးဟင်နရီဗန်ထီးယူ၊ ပြည်သူ့လွှတ်တော်ဥက္ကဋ္ဌ ဦးတီခွန်မြတ်၊ တပ်မတော်ကာကွယ်ရေးဦးစီးချုပ် ဗိုလ်ချုပ်မှူးကြီး မင်းအောင်လှိုင်၊ ဒုတိယတပ်မတော်ကာကွယ်ရေးဦးစီးချုပ် ဒုတိယဗိုလ်ချုပ်မှူးကြီး စိုးဝင်းတို့အပြင် ပြည်ထောင်စုဝန်ကြီးများဖြစ်ကြသည့် ဗိုလ်ချုပ်ကြီး မြထွန်းဦး (ကာကွယ်ရေး)၊ ဒုတိယဗိုလ်ချုပ်ကြီး စိုးထွဋ် (ပြည်ထဲရေး)၊ ဦးသန်းဆွေ (နိုင်ငံခြားရေး)၊ ဒုတိယဗိုလ်ချုပ်ကြီး ထွန်းထွန်းနောင် (နယ်စပ်ရေးရာ) နှင့် ဒေါက်တာသီတာဦး (ဥပဒေရေးရာဝန်ကြီးဌာန ပြည်ထောင်စုဝန်ကြီးနှင့် ပြည်ထောင်စုရှေ့နေချုပ်) တို့ တက်ရောက်ခဲ့ကြသည်။,0,0,0,0,0,0,NULL
mya_7d54ff4f549e3ae51b9f03a84b01c744,ပြည်နယ် (၇) ခုကိုတော့ ပြောင်းလဲခဲ့ခြင်းမရှိပေ။,0,0,0,0,0,0,NULL
mya_b8ef4f01c6350c6bc1fcd3a21976fdc6,အစောဆုံးသော ကျောက်လက်နက်များသည် ကျောက်ကျိုး၊ ကျောက်ပဲ့များထက် ပိုမိုသည်။,0,0,0,0,0,0,NULL
mya_b97a0f0bd11d228b04088d6607db8788,ဘီးများကို စွမ်းအင်ပြောင်းလဲမှုပစ္စည်း(ရေရဟတ်၊ လေရဟတ်၊ သီးနှံ့ချွေလှေ့စက်)အဖြစ် အသုံးပြုလာနိုင်မှုသည် လူသားမဟုတ်သော စွမ်းအင်များအား အသုံးပြုလာနိုင်ရန်အတွက် ပြောင်းလဲမှု တစ်ရပ်ပင်ဖြစ်သည်။,0,0,0,0,0,0,NULL
mya_1362210125f547cb7a1339da0c955f34,အထူးဖိတ်ကြားထားသည့် နိုင်ငံတော်စီမံအုပ်ချုပ်ရေးကောင်စီ အတွင်းရေးမှူး ဒုတိယဗိုလ်ချုပ်ကြီး အောင်လင်းဒွေးနှင့် တွဲဖက်အတွင်းရေးမှူး ဒုတိယဗိုလ်ချုပ်ကြီး ရဲဝင်းဦးတို့လည်း အစည်းအဝေးသို့ တက်ရောက်ခဲ့ကြကြောင်း ထုတ်ပြန်ကြေညာခဲ့သည်။,0,0,0,0,0,0,NULL
mya_478f29d081b4524c129a37582e67cbaf,သို့ပေမယ် လေနှင့် ရေတို့၏ စွမ်းအားကို ပိုမိုကျယ်ပြန့်စွာ အသုံးပြုနိုင်ရန်အတွက် အခြားသော တီထွင်မှုများလည်း လိုသေးသည်။,0,0,0,0,0,0,NULL
mya_479efb81e3714d35254aa38371ab8209,ပညာရေးတက္ကသိုလ် အငြိမ်းစားကထိက တစ်ဦးဖြစ်သူ စိမ့်(ပညာရေး)သည် အဆိုပါကလောင်အမည်ကို ၁၉၇၆ ခုနှစ်တွင် စတင်ခံယူ ရေးသားခဲ့သည်။,0,0,0,0,0,0,NULL
mya_1955b4c91ceecb6110820d156d49b592,ဒုတိယဝန်ကြီးချုပ်ရာထူးကို (၅) ခုအား ခန့်အပ်ခဲ့သည်။,0,0,0,0,0,0,NULL
mya_7a7ddc2f7fc4e1e5f49b65f79b943b7a,ပြီးနောက် ယာယီသမ္မတ တာဝန်ကို ရယူထားသော ဦးမြင့်ဆွေက အမျိုးသားကာကွယ်ရေးနှင့် လုံခြုံရေး အစည်းအဝေးတွင် နိုင်ငံတော်သမ္မတရုံး၏ ဥပဒေကဲ့သို့ အာဏာတည်သောအမိန့် အမိန့်အမှတ် (၁/၂၀၂၁) အားဖြင့် နိုင်ငံတော်၏ ဥပဒေပြုရေး၊ အုပ်ချုပ်ရေးနှင့် တရားစီရင်ရေးအာဏာတို့အား တပ်မတော်ကာကွယ်ရေးဦးစီးချုပ်ထံသို့ လွှဲအပ်တာဝန်ပေးလိုက်သည်။,0,0,0,0,0,0,NULL
mya_d059f4562d359edf1fe083fda01ef691,ထိုအချိန်အတောအတွင်း လူသားတို့သည် အခြားသော စွမ်းအင်တို့ကို ထိန်းချုပ်အသုံးပြုနိုင်ရန် လေ့လာနေခဲ့ကြသည်။,0,0,0,0,0,0,NULL
mya_6939407c8978b24b95a9e315c10ab58e,သို့သော် နည်းပညာအားလုံးကို ငြိမ်းချမ်းရေးရည်ရွယ်ချက်အတွက် အသုံးပြုကြသည်မဟုတ်ပေ။,0,0,0,0,0,0,NULL
mya_d829966bf2816c550531a19ff16f9af8,ဟိုမိုနိုက်(Hominid)များသည် ရှေးဦး ကျောက်လက်နက်များကို လွန်ခဲ့သောနှစ်မီလီယံများစွာကတည်းက အသုံးပြုခဲ့ခြင်းဖြစ်သည်။,0,0,0,0,0,0,NULL
mya_77e9cc7be11ef6b49bd3d617399e3989,ခေါင်းခါခြင်း၊ ခါးညွှတ်၍ လူရှေ့ကိုဖြတ်သန်းခြင်း။,0,0,0,0,0,0,NULL
mya_279102f32f698a0ad2e1c61f5e2a0324,(ဂ)စားသုံးသူရေးရာဦးစီးဌာန။,0,0,0,0,0,0,NULL
mya_20e02d2f0a3df2df7fa2f6b4f09a36d3,အခြားသော ထင်ရှားသည့် သက်သေသာဓကမှာ ထိုကာလတွင် အိုးထိန်းစက်များကို အသုံးပြုနိုင်ခြင်းဖြစ်သည်။,0,0,0,0,0,0,NULL
mya_8485c1aafdd0b4d4ae8c5e9d777c5a6b,ထို့နောက်ပိုင်းတွင် ဆန္ဒပြပွဲများစွာနှင့်အတူ စစ်အစိုးရအား ပုန်ကန်သော ပြည်တွင်းစစ်ပေါ်ပေါက်လာခဲ့သည်။,0,0,0,0,0,0,NULL
mya_ccc53645a74f94027e40520891af82fe,၂၀၀၈ ဖွဲ့စည်းပုံအခြေခံဥပဒေအရ ဒေါ်အောင်ဆန်းစုကြည်မှာ သမ္မတ ဖြစ်ခွင့်မရှိသည့်အတွက် နောင်တက်လာမည့် သမ္မတအသစ်မှာ မည်သူဖြစ်မည်ဆိုတာ စောင့်ကြည့်လျက်ရှိကြသည်။,0,0,0,0,0,0,NULL
mya_ca3392cf0f3d9871d0e1f15a8c3d72cf,ရှိတ်ဟာစီနာ ပြန်လာနိုင်မလား။,0,0,0,0,0,0,NULL
mya_d380eac560197f582d4f501fc28774f0,၂ဝဝ၃ ခုနှစ် မေ ၃၁ ရက်က မြန်မာနိုင်ငံမြောက်ပိုင်း(ဒီပဲယင်း)တွင် သူမ၏ ယာဉ်တန်း တိုက်ခိုက်ခြင်း ခံရပြီးနောက် နေအိမ်အကျယ်ချုပ် ချထားခြင်းခံရပြန်သည်။,0,0,0,0,0,0,NULL
mya_91960128892d900326eb86730fdd1601,လူ့ဘောင်အဖွဲ့အစည်းအတွင်း၌ လူတို့ ဆက်ဆံ နေထိုင်စားသောက် လှုပ်ရှားသည့် ပုံစံသည် လူတို့၏ ယဉ်ကျေးမှု စံနစ်ဖြစ်သည်။,0,0,0,0,0,0,NULL
mya_a6bad632482733e8b9969fc96be3aea9,၂ဝဝ၅ ခုနှစ် နိုဝင်ဘာလအကုန်တွင် နေအိမ်အကျယ်ချုပ်ချမှုကို တစ်နှစ်ထပ်မံ၍ တိုးလိုက်သည်။,0,0,0,0,0,0,NULL
mya_fbf7d96aa4ff6f4cad618601522d32e7,၂၀၂၂ ခုနှစ်၊ ဇန်နဝါရီ ၃၁ ရက်နေ့တွင် အမျိုးသားကာကွယ်ရေးနှင့်လုံခြုံရေးကောင်စီ အစည်းအဝေး ကျင်းပခဲ့ပြီး၊ ယာယီသမ္မတ အပါအဝင် အမျိုးသားကာကွယ်ရေးနှင့်လုံခြုံရေးကောင်စီအဖွဲ့ဝင်များ အားလုံးက ဖွဲ့စည်းပုံ အခြေခံဥပဒေ (၂၀၀၈ ခုနှစ်) ပုဒ်မ ၄၂၅ နှင့် အညီ နိုင်ငံတစ်ဝန်းလုံး အရေးပေါ် အခြေအနေ ကြေညာထားသည့်ကာလအား ခြောက်လသက်တမ်း တိုးမြှင့်ကြောင်းကို တစ်ညီတစ်ညွတ်တည်း ဆုံးဖြတ်ခဲ့ကြောင်းကို အမျိုးသားကာကွယ်ရေးနှင့်လုံခြုံရေးကောင်စီ ကြေညာချက်အမှတ် ၁/၂၀၂၂ အားဖြင့် ထုတ်ပြန်ခဲ့သည်။,0,0,0,0,0,0,NULL
mya_5c0688d89794f9d0f39d4c46092f30aa,ဒုတိယ တစ်ခုမှာ လူသားမျိုးနွယ် တစ်ခု၏ အသိပညာ၊ ယုံကြည်မှု၊ အသုံးပြုသော အမှတ်အသားတို့၏ စိတ်ကူး အရည်အသွေးပေါ်မူတည်သည့် လူမှုရေး လေ့လာမှုများ ဖြစ်သည်။,0,0,0,0,0,0,NULL
mya_593cdb5677b0074ef0a7a12b194b8318,(ဂ)ပြည်နယ်/တိုင်း ကုန်သွယ်ရေး ၁၄ခု။,0,0,0,0,0,0,NULL
mya_01ad09ba5d09e5d0138bc2682c2b275a,စာရေးသားခြင်းကို တီထွင်ပြီးသည့်နောက်တွင် သမိုင်းပေါ်ပေါက်လာခဲ့သည်ဟုလည်း ဆိုနိုင်သည်။,0,0,0,0,0,0,NULL
mya_a030fde419f602e91191aab6f1063712,မည်သည့်မြို့ မည်သည့်ရွာ ဖြစ်စေ သမိုင်း ခေါ် ဖြစ်စဉ်ကမူ ရှိမြဲဖြစ်သည်။,0,0,0,0,0,0,NULL
mya_ad7580be4b9034786be89115ea3e9782,ယဉ်ကျေးမှုအရပ်ရပ်ကို အောက်ပါအတိုင်း မှတ်သားသင့်ပေသည် -။,0,0,0,0,0,0,NULL
mya_d778380d477379464cef13e9b071ea71,ဦးဝင်းမြင့်တက်လာအပြီးအထိ ဝန်ကြီးဌာန (၂၄)ခုရှိသည်။,0,0,0,0,0,0,NULL
mya_9913b9b89c786446706ae90c2d5b916e,ယခုနောက်ပိုင်းကာလများတွင် လက်ဟန်ခြေဟန်ဖြင့် ပြောဆိုခြင်းဆိုသည့်အတိုင်း ဘာသာစကား တစ်ခုအဖြစ် သတ်မှတ်ကာ အသံထွက်ပြောဆိုသော ဘာသာစကားကဲ့သို့ပင် တည်ဆောက်ပုံ အသွင်သဏ္ဍန်နှင့် သုံးစွဲသည့် ဝေါဟာရတို့ကို ရှင်းလင်းတင်ပြနိုင်သည့် အခြေအနေသို့ရောက်ရှိလာခဲ့သည်။,0,0,0,0,0,0,NULL
mya_09516791a4ce09eecd054c81260d73db,ယခုအချိန်အထိ စမ်းသပ်ထားသော အသက်အရွယ်အုပ်စု အမျိုးမျိုးတွင် ကာကွယ်ဆေးများအားလုံး စိတ်ချရပြီး ကောင်းစွာ စွမ်းဆောင်မှုရှိကြောင်း ပေါ်ပါသည်။,0,0,0,0,0,0,NULL
mya_18f22319b1361f2e1aed1c712ae53241,အဆိုပါအစည်းအဝေးသို့ ယာယီသမ္မတ ဦးမြင့်ဆွေ၊ ပြည်သူ့လွှတ်တော်ဥက္ကဋ္ဌ ဦးတီခွန်မြတ်၊ တပ်မတော်ကာကွယ်ရေးဦးစီးချုပ် ဗိုလ်ချုပ်မှူးကြီး မင်းအောင်လှိုင်၊ ဒုတိယတပ်မတော်ကာကွယ်ရေးဦးစီးချုပ် ဒုတိယဗိုလ်ချုပ်မှူးကြီး စိုးဝင်း၊ ကာကွယ်ရေးဝန်ကြီးဌာန ပြည်ထောင်စုဝန်ကြီး ဗိုလ်ချုပ်ကြီး မြထွန်းဦး၊ နိုင်ငံခြားရေးဝန်ကြီးဌာန ပြည်ထောင်စုဝန်ကြီး ဦးဝဏ္ဏမောင်လွင်၊ ပြည်ထဲရေးဝန်ကြီးဌာန ပြည်ထောင်စုဝန်ကြီး ဒုတိယဗိုလ်ချုပ်ကြီး စိုးထွဋ် နှင့် နယ်စပ်ရေးရာဝန်ကြီးဌာန ပြည်ထောင်စုဝန်ကြီး ဒုတိယဗိုလ်ချုပ်ကြီး ထွန်းထွန်းနောင်တို့ တက်ရောက်ခဲ့ကြသည်။,0,0,0,0,0,0,NULL
mya_e2a142a73cb08b6762cd7ce6d5edd1ac,နှစ်ပေါင်း 200 ka လောက်တွင် လူသားများသည် အာဖရိကအပြင်ဘက်သို့ ပြောင်းရွေ့နေထိုင်ကြပြီး ယူရေးရှားကဲ့သို့သော တိုက်ကြီးများသို့ ပျံ့နှံ့သွားသည်။,0,0,0,0,0,0,NULL
mya_f68cb0cd8ccae5a144d8fb2d5c8d6dac,ယခုခေတ်လူသားများအဖြစ်စတင်ချိန်တွင်မူ ဘာသာစကားသည် လူသားတို့တွင် မွေးရာပါအဖြစ်အသုံးပြုလာနိုင်နေသည်ဟု ထင်မြင်ယူဆနိုင်သည်။,0,0,0,0,0,0,NULL
mya_03353bf46621cf97f55e16d1598a11e0,ပထမ တစ်ခုမှာ မြင့်မားသော ယဉ်ကျေးမှု၊ ထိုထဲတွင် အလွန်ကောင်းမွန်သော အနုပညာ လက်ရာများ၊ မြင့်မားသော လူနေမှုများပါဝင်နေသည်။,0,0,0,0,0,0,NULL
mya_c2d2fdf5c2497e136aaca0eadc67f1bc,လေ့လာဆန်းစစ်အကဲဖြတ်ရေးဦးစီးဌာနသည် ဝန်ကြီးဌာနတစ်ခုလုံး၏ စီမံကိန်းနှင့် လုပ်ငန်းများအတွက် အရည်အသွေးအာမခံမှုနှင့် စဉ်ဆက်မပြတ် ဖွံ့ဖြိုးတိုးတက်စေရေးအတွက် ခေတ်ကာလလိုအပ်ချက်များကို လေ့လာဆန်းစစ် အကဲဖြတ်သည်။,0,0,0,0,0,0,NULL
mya_700c9731b6cc22dcd02445fa8f035af6,(၁) မြန်မာနိုင်ငံယှဉ်ပြိုင်မှုကော်မရှင်(၂) မြန်မာနိုင်ငံစားသုံးသူကာကွယ်ရေးကော်မရှင်(၃) မူပိုင်ခွင့်ဆိုင်ရာဗဟိုကော်မတီ။,0,0,0,0,0,0,NULL
mya_1750f044258e68b4e7e36b26df643115,ထိုစကားလုံးနှင့်ပတ်သက်၍ ကမ္ဘာအရပ်ရပ်ရှိ အုပ်စုအဖွဲ့နှင့် လှုပ်ရှားကြရာတွင် ငြာသံပေး သီဆိုသော တေးသီချင်းများ တွင် အဓိပ္ပာယ် အတိအကျမရှိသောစကားလုံးများကို ဆက်လက်သုံးစွဲလျက် ရှိသည်ကိုလည်း နောက်ခံသမိုင်းများအဖြစ် တွေ့ရှိလေ့လာနိုင်သည်။,0,0,0,0,0,0,NULL
mya_594ab11c07aab0f6046186a0cd9a676a,သမိုင်းကို ပါဠိဘာသာမှ ဆင်းသက်သည်ဟု ဆိုသူတို့က သမုတိ ဟူသော ပုဒ်မှလည်းကောင်း၊ သမ္မုတိ ဟူသော ပုဒ်မှလည်းကောင်း ဖြစ်သည်ဟု ဆို၏။,0,0,0,0,0,0,NULL
mya_8c749796b0b1b87e1ce452f107600c8d,အချို့သမိုင်းလင်္ကာစာကိုယ်များ၌မူ သမိုင်းဟူသောစာပုဒ်လုံးဝ မပါပဲလည်းရှိတတ်သည်။,0,0,0,0,0,0,NULL
mya_92d85a0ae1f0a8c7e2562e0520f94f49,၁၉၉၀ ပြည့်နှစ်တွင် အထွေထွေရွေးကောက်ပွဲကို ကျင်းပပေးခဲ့သော်လည်း ရွေးကောက်ပွဲရလဒ်ကို အတည်မပြုခဲ့ပေ။,0,0,0,0,0,0,NULL
mya_6d26655a0cd3b0f649c005d846a6f5a3,နည်းပညာသည် လူ့အဖွဲ့အစည်းနှင့် ပတ်ဝန်းကျင်ကို နည်းလမ်းများစွာဖြင့် ဩဇာသက်ရောက်မှုရှိသည်။,0,0,0,0,0,0,NULL
mya_37f4ab749f7dd3698393e3559494d9fd,၎င်းမှာ ပြန်ပြောင်းပြောဆိုချက်များကို အသုံးပြု၍ ဆက်တိုက်ဖြစ်ပျက် ခဲ့သော အဖြစ်အပျက်များကို စစ်ဆေးခြင်းနှင့် ခွဲခြမ်းစိတ်ဖြာခြင်း ပြုသော သုတေသန နယ်ပယ် ဖြစ်ကာ တစ်ခါတရံတွင် အကျိုးအကြောင်း ဆက်နွယ်၍ ဖြစ်ပျက်ခဲ့သော အဖြစ်အပျက်များကို ဓမ္မဓိဋ္ဌာန်ကျကျ စုံစမ်းစစ်ဆေးကာ ဆုံးဖြတ်သော ပညာရပ်ပင် ဖြစ်သည်။,0,0,0,0,0,0,NULL
mya_a15e9e619a7e4a5c51a1329a401d9e8f,စစ်အုပ်ချုပ်ရေးလက်ထက်တွင် ဥပဒေပြုလွှတ်တော်မရှိပေ။,0,0,0,0,0,0,NULL
mya_34a4084b5220ae21b5f32e21c898823e,၁၉၉ဝ ပြည့်နှစ် ရွေးကောက်ပွဲတွင် ဒေါ်အောင်ဆန်းစုကြည်ဦးဆောင်သည့် အမျိုးသားဒီမိုကရေစီအဖွဲ့ချုပ်မှ လွှတ်တော်အမတ်နေရာပေါင်း ၈၃ ရာခိုင်နှုန်းကို အနိုင်ရရှိခဲ့သော်လည်း စစ်အစိုးရက တားမြစ်ပိတ်ပင်ခဲ့သည်။,0,0,0,0,0,0,NULL
mya_7b81bfe44653e2e42503d11fcfb60ecf,မြို့လယ်ခေါင်လို့သိကြတဲ့ လမ်းမတော်၊ လသာ၊ ပန်းပဲတန်း၊ ကျောက်တံတား မြို့နယ်တွေမှာ အဓိကဖြစ်ပွားနေတယ်လို့ လူမှုကူညီရေးနဲ့ကျန်းမာရေးအသိုင်းအဝိုင်းကနေသိရပြီး အစားအသောက်နဲ့ ရေစစ်ဆေးမှုတွေလုပ်နေကြောင်းလည်း ရန်ကုန်တိုင်းကျန်းမာဘက်က ထုတ်ပြောထားပါတယ်။,0,0,0,0,0,0,NULL
mya_35aa09f5757dd73f295a05bf0dca30c4,NUG တရားရေးရဲ့ မစီရင်နိုင်သေးတဲ့အမှုတွေ။,0,0,0,0,0,0,NULL
mya_16951b7417ed3b371c5f90223694cf25,တိရစ္ဆာန်လောကတွင်လည်း အချင်းချင်းပြာဆိုဆက်သွယ်ကြသည့် ဘာသာစကားရှိနေပေသည်။,0,0,0,0,0,0,NULL
mya_7d21fe9f93dbbe2662e27ad39a3eb9c9,အင်တာနက်အသုံးချမှုကိုလည်း ချုပ်ကိုင်ထားသည်။,0,0,0,0,0,0,NULL
mya_7b9ca96df662629cfeb02b651bcd92fa,တိုတယ် (ယခင် တိုတယ်ဖီနာအက်ဖ်) သည် ပြင်သစ်နှင့် ဘယ်လဂျီယန်နိုင်ငံများရှိ တရားရုံးများတွင် ဓာတ်ငွေ့ပိုက်လိုင်းတည်ဆောက်စဉ်က ပေါ်ပေါက်ခဲ့သည်ဟု ယိုးစွပ်ခံရသည့် လူ့အခွင့်အရေးချိုးဖေါက်မှုများအတွက် တရားစွဲဆိုခြင်း ခံနေရသည်။,0,0,0,0,0,0,NULL
mya_90505ff7a9e909e504ee512119f5b682,လက်ရှိပြည်ထောင်စုဝန်ကြီးမှာ ဦးထွန်းအုံ ဖြစ်ပြီး ဒုတိယဝန်ကြီးများမှာ ဦးမင်းမင်း နှင့် ဦးဝင်းမြင့်ခိုင် တို့ ဖြစ်သည်။,0,0,0,0,0,0,NULL
mya_0fd96b90b59bf3037187da4e3e8e2581,(သွားဖြီးပြခြင်း၊ အမြှီးနှံ့ခြင်းတို့ဖြင့် ရန်သူမိတ်ဆွေအဖြစ်ခွဲခြားပြသည်)။,0,0,0,0,0,0,NULL
mya_c8aef98e537f5bf53794f5d6f9c5d20e,UN အဖွဲ့ဝင်နိုင်ငံများ အားလုံးသည် WHO အဖွဲ့ဝင်ဖြစ်ရန် အရည်အချင်းပြည့်မီပြီး၊ WHO ဝက်ဘ်ဆိုဒ်တွင် ဖော်ပြထားသည့်အတိုင်း ”အခြားတိုင်းပြည်များသည် ၎င်းတို့၏ လျှောက်ထားချက်များကို ကမ္ဘာ့ကျန်းမာရေးညီလာခံက သာမန် အများစုဆန္ဒမဲဖြင့် သဘောတူထောက်ခံသောအခါ အဖွဲ့ဝင်အဖြစ် ဝင်နိုင်သည်”။,0,0,0,0,0,0,NULL
mya_8bb2b4a0ac56229ef44fba07b70473d4,တစ်နေ့တစ်လံ ပုဂံဘယ်ရွေ့မလဲ (တက္ကသိုလ်စိန်တင်နှင့်တွဲဖက်၍)။,0,0,0,0,0,0,NULL
mya_7c93624ccd82cad7620048da3a5ab941,ခရီးသွားစဉ်၌ ယဉ်ကျေးခြင်း (၁၁) မျိုး။,0,0,0,0,0,0,NULL
mya_161d84a20c85320ab6a5ee833dd8cabf,သူတင်မြှောက်ထားသည့် ဝန်ကြီးချုပ်မှာ ၂ဝဝ၃ ခုနှစ်မှ ၂၀၀၄ ခုနှစ်ထိ ဦးခင်ညွန့်ဖြစ်ပြီး ဗိုလ်ချုပ်ကြီးစိုးဝင်းနှင့် အစားထိုးခဲ့သည်။,0,0,0,0,0,0,NULL
mya_f2e242f8c8be587902c4398098209862,"၂၀၁၂ ခုနှစ်တွင် ကြားဖြတ်ရွေးကောက်ပွဲကျင်းပခဲ့ကာ အတိုက်အခံပါတီအဖြစ် ရပ်တည်သော ""အမျိုးသားဒီမိုကရေစီအဖွဲ့ချုပ်"" မှ ကိုယ်စားလှယ်များ လွှတ်တော်အတွင်း စတင်ဝင်ရောက်ခဲ့သည်။",0,0,0,0,0,0,NULL
mya_90a8830065b09b0e87d854a28d5b7ce8,ဥပမာ ပြင်သစ်ရေနံကုမ္ပဏီ တိုတယ်အက်စ်အေနှင့် အမေရိကန်ရေနံ ကုမ္ပဏီချက်ဗရွန် တို့သည် ရတနာ သဘာဝ ဓာတ်ငွေ့ပိုက်လိုင်းကို ဆက်လက်၍ လည်ပတ်လုပ်ကိုင်ကြပြီး မြန်မာနိုင်ငံမှ ထိုင်းနိုင်ငံသို့ ဓာတ်ငွေ့တင်ပို့လျက်ရှိသည်။,0,0,0,0,0,0,NULL
mya_8a643900e004f60ecafe7fc12b59ec5b,၂၀၁၅ ခုနှစ် နိုဝင်ဘာလ ၁၃ ရက်နေ့တွင် ပြည်ထောင်စု ရွေးကောက်ပွဲ ကော်မရှင် က ကြေညာခဲ့သည့် ရလဒ်များအရ အမျိုးသားဒီမိုကရေစီအဖွဲ့ချုပ်သည် ပြည်သူ့လွှတ်တော် အမတ်နေရာ ၂၃၈ နေရာ နှင့် ပြည်ထောင်စုလွှတ်တော်တွင် ၃၄၈ နေရာ ရရှိခဲ့ပြီး အစိုးရဖွဲ့နိုင်ရန် လိုအပ်သော အမတ်အရေအတွက်ကို ကျော်လွန်ခဲ့သည်။,0,0,0,0,0,0,NULL
mya_18aaeed36226f9614fdcdc208992e1f0,၂၀၀၈ ဖွဲ့စည်းပုံအရ အထွေထွေရွေးကောက်ပွဲ ကို ၂၀၁၀ ခုနှစ် နိုဝင်ဘာ ၇ ရက်နေ့တွင် ကျင်းပခဲ့သည်။,0,0,0,0,0,0,NULL
mya_1bc1a7c24ada5e00bb65486f0578246e,ငယ်စဉ်က မော်လမြိုင်မြို့ မော်တင်လိန်း မိန်းကလေးကျောင်း၊ အမှတ်(၁)အစိုးရအထက်တန်းကျောင်း၊ မော်လမြိုင်ဥပစာကောလိပ် တို့တွင်ပညာသင်ကြားခဲ့သည်။,0,0,0,0,0,0,NULL
mya_074b486025ebf53a6c64c54a4f151233,အလွန်မြန်သော အိုးထိန်းစက်များအား အသုံးပြုလာနိုင်ခြင်းဖြင့် အိုးများအား အမြောက်အမြားထုတ်လုပ်နိုင်လာခဲ့သည်။,0,0,0,0,0,0,NULL
mya_109e8a37e675ea00e928bed231baafe3,ယခင်ကုန်သွယ်ရေးဝန်ကြီးဌာနအမည်ဖြင့် ဖွဲ့စည်းခဲ့သော ကုန်သွယ်ရေးဦးစီးဌာနနှင့် ကော်ပိုရေးရှင်း ၁၁ ခုအား ဝန်ကြီးရုံး၊ကုန်သွယ်ရေးညွှန်ကြားမှုဦးစီးဌာန၊ ရောင်းဝယ်ရေး ၆ ခုနှင့် လုပ်ငန်း ၄ ခုတို့ဖြင့် ပြန်လည် ဖွဲ့စည်းခဲ့သည်။,0,0,0,0,0,0,NULL
mya_892e3a0d6df8d3d806059dc36dd9814f,ဗြိတိသျှခေတ်က ဥပဒေများနှင့် တရားရေးစနစ်များ ဆက်လက် တည်ရှိသော်လည်း မျှတသော အများပြည်သူရှေ့တွင် တရားစီရင်ခွင့်အာမခံချက် မရှိပေ။,0,0,0,0,0,0,NULL
mya_9daf7265a0b9d023198351dee118c767,သမိုင်းတလျှောက်မှ လူသားတို့က အချက်အလက်များ၊ အခြင်းအရာများ၊ ဖြစ်ကြောင်းဖြစ်စဉ်များကို တစ်ဦးထံမှ တစ်ဦးထံသို့ သိရှိရေး (ဆက်သွယ်ရေး)အတွက်၊ ပတ်ဝန်းကျင်မှ အခြင်းအရာမျိုးမျိုးကို မည်သည့် အသံထွက်ကိုယ်စီဖြင့် ညွှန်းဆိုကြမည်ဟု ညှိုနှိုင်းသတ်မှတ်၍ စကားလုံးများ ဖြစ်လာပြီး၊ ထိုစကားလုံးများကို အဓိပ္ပါယ် အခြေအနေ အမျိုးမျိုးအတွက် စီစဉ်တွဲစပ်နည်း အမျိုးမျိုး (သဒ္ဒါ) ကိုလည်း ဆက်လက်တီထွင်လာကြသဖြင့်၊ ဘာသာစကားများ ဖြစ်လာကြသည်။,0,0,0,0,0,0,NULL
mya_50947c652db88c7dea53286ecd42ec14,နိုင်ငံတော်အေးချမ်းသာယာရေးကောင်စီမှ ဥပဒေများရေးဆွဲကာ ပြဋ္ဌာန်းသည်။,0,0,0,0,0,0,NULL
mya_4d927a0dac5a0926fbc041c004d16066,အသစ်တွေ့ရှိလာသော အသိပညာများကို အသုံးပြု၍ အင်ဂျင်နီယာများသည် တပိုင်းလျှပ်ကူး(semiconductors)၊ ကွန်ပျူတာ ကဲ့သို့သော စက်ပစ္စည်းများနှင့် ကိရိယာတန်ဆာပလာအသစ်များ ဖန်တီးခြင်း၊ နည်းပညာများကို အဆင့်မြှင့်တင်ခြင်းတို့ကို ပြုလုပ်သည်။,0,0,0,0,0,0,NULL
mya_34d4d3a6f693b27d8070d1300c31b864,၎င်း၏ အဓိကလုပ်ငန်းမှာ အနာရောဂါများ အထူးသဖြင့် အဓိက ကူးစက်တတ်သော အနာရောဂါများ တိုက်ဖျက်ရေးနှင့် ကမ္ဘာသူကမ္ဘာသားများ၏ အထွေထွေ ကျန်းမာရေး အခြေအနေကို မြှင့်တင်ရေးတို့ပင် ဖြစ်သည်။,0,0,0,0,0,0,NULL
mya_c4d0baa1f5db70cfe5fb69625bef6601,၂၀၁၆ ဧပြီ ၁ ရက်နေ့တွင် အစိုးရသစ် သက်တမ်းစတင်သည်။,0,0,0,0,0,0,NULL
mya_73a4512097e3000ca35432f0475e73f0,၂၀၁၅ ခုနှစ်တွင် အထွေထွေရွေးကောက်ပွဲ ကျင်းပခဲ့ကာ 'အမျိုးသားဒီမိုကရေစီအဖွဲ့ချုပ်' အပြတ်အသတ်အနိုင်ရရှိခဲ့၍ အစိုးရဖွဲ့နိုင်ခဲ့ကာ ၂၀၁၆ မှ ၂၀၂၁ ဇန်နဝါရီ ၃၁ အထိ တာဝန်ယူခဲ့သည်။,0,0,0,0,0,0,NULL
mya_2909cf93e3a9a3d52229565e3791c260,GMS(Greater Mekong Subregion)။,0,0,0,0,0,0,NULL
mya_a9797d07a828a545b7ad98ca33e39467,မြန်မာနိုင်ငံ၏ ပညာရေး စနစ် ပြုပြင် ပြောင်းလဲ ရေး ဆိုင်ရာ ဆွေးနွေးပွဲ ကို ကျင်းပ ခဲ့သည် (အပိုဒ်-468)။,0,0,0,0,0,0,NULL
mya_a3eda6318cb80a1443cb125566bf99d1,သဘာဝ ပတ်ဝန်းကျင် ထိန်းသိမ်း ရေး သည် ပုဂ္ဂလိက နှင့် အစိုးရ နှစ်ဦးစလုံး တွင် တာဝန် ရှိသည် (အပိုဒ်-469)။,0,0,0,0,0,0,NULL
mya_a6ad24888ad23a9557265596c6f4b85a,ဆရာကြီး မင်းသုဝဏ် ၏ ကဗျာ များ သည် မြန်မာ စာပေ သမိုင်း တွင် ထင်ရှား သည် (အပိုဒ်-470)။,0,0,0,0,0,0,NULL
mya_6978fb465a140ec688ca5d46be71e03a,စိုက်ပျိုးရေး ကဏ္ဍ ဖွံ့ဖြိုး တိုးတက် ရေး အတွက် နည်းပညာ သစ် များ ကို အသုံးပြု ရမည် (အပိုဒ်-471)။,0,0,0,0,0,0,NULL
mya_7ea518ee16b09dd3f8e8c5c8d0d4eb34,ကျန်းမာရေး ဝန်ကြီးဌာန မှ ကာကွယ်ဆေး ထိုးနှံ ပေးခြင်း အစီအစဉ် ကို ဆက်လက် လုပ်ဆောင် လျက်ရှိသည် (အပိုဒ်-472)။,0,0,0,0,0,0,NULL
mya_c374f9addeb6783c66519ddbada84115,ရန်ကုန် မြို့၏ သမိုင်းဝင် အဆောက်အအုံ များကို ရှေးဟောင်းသုတေသန ဌာနမှ ထိန်းသိမ်းထားသည် (အပိုဒ်-473)။,0,0,0,0,0,0,NULL
mya_756e2ce804c3396d69a6752db13fcc6a,စီးပွားရေး ရင်းနှီးမြှုပ်နှံမှု အခွင့်အလမ်း များကို တိုးမြှင့် ဆောင်ရွက်ရန် လိုအပ်ပါသည် (အပိုဒ်-474)။,0,0,0,0,0,0,NULL
mya_f1daddb0b63ad4a262dbe83553d6e3fe,သတင်းအချက်အလက် နည်းပညာ သင်တန်း များကို တက္ကသိုလ် များတွင် တိုးချဲ့ ဖွင့်လှစ်ခဲ့သည် (အပိုဒ်-475)။,0,0,0,0,0,0,NULL
mya_23705b0f19874e9e9415b68b58ccaf2e,သစ်တော ပြန်းတီးမှု ထိန်းသိမ်း ရေး အတွက် သစ်ပင် များ စိုက်ပျိုး ရမည် (အပိုဒ်-476)။,0,0,0,0,0,0,NULL
mya_343fa6b67832e753cabca52c9b2cc3f4,နိုင်ငံတကာ ကုန်သွယ်ရေး ပူးပေါင်း ဆောင်ရွက်မှု ကို ပိုမို ခိုင်မာ အောင် တည်ဆောက် လျက်ရှိသည် (အပိုဒ်-477)။,0,0,0,0,0,0,NULL
mya_88027478a3dbeb81bfbd71ef4cd0cce3,မြန်မာနိုင်ငံ၏ ပညာရေး စနစ် ပြုပြင် ပြောင်းလဲ ရေး ဆိုင်ရာ ဆွေးနွေးပွဲ ကို ကျင်းပ ခဲ့သည် (အပိုဒ်-478)။,0,0,0,0,0,0,NULL
mya_51f98d19e3ace16b8639617f0e6438e5,သဘာဝ ပတ်ဝန်းကျင် ထိန်းသိမ်း ရေး သည် ပုဂ္ဂလိက နှင့် အစိုးရ နှစ်ဦးစလုံး တွင် တာဝန် ရှိသည် (အပိုဒ်-479)။,0,0,0,0,0,0,NULL
mya_a8c0e4e146ce1dec22c9e441d0161cda,ဆရာကြီး မင်းသုဝဏ် ၏ ကဗျာ များ သည် မြန်မာ စာပေ သမိုင်း တွင် ထင်ရှား သည် (အပိုဒ်-480)။,0,0,0,0,0,0,NULL
mya_2865a82821d79fd0ac1feb6b4d6aabef,စိုက်ပျိုးရေး ကဏ္ဍ ဖွံ့ဖြိုး တိုးတက် ရေး အတွက် နည်းပညာ သစ် များ ကို အသုံးပြု ရမည် (အပိုဒ်-481)။,0,0,0,0,0,0,NULL
mya_39b49a6e64d0c3b3d8ffc3dbbc3a9f6d,ကျန်းမာရေး ဝန်ကြီးဌာန မှ ကာကွယ်ဆေး ထိုးနှံ ပေးခြင်း အစီအစဉ် ကို ဆက်လက် လုပ်ဆောင် လျက်ရှိသည် (အပိုဒ်-482)။,0,0,0,0,0,0,NULL
mya_291b1c26dd0bc2ec40a01598583d5332,ရန်ကုန် မြို့၏ သမိုင်းဝင် အဆောက်အအုံ များကို ရှေးဟောင်းသုတေသန ဌာနမှ ထိန်းသိမ်းထားသည် (အပိုဒ်-483)။,0,0,0,0,0,0,NULL
mya_df96eb493fefb156fc317a6cfd7804f2,စီးပွားရေး ရင်းနှီးမြှုပ်နှံမှု အခွင့်အလမ်း များကို တိုးမြှင့် ဆောင်ရွက်ရန် လိုအပ်ပါသည် (အပိုဒ်-484)။,0,0,0,0,0,0,NULL
mya_ff3044b90c4beae2bdf7a267df4e2713,သတင်းအချက်အလက် နည်းပညာ သင်တန်း များကို တက္ကသိုလ် များတွင် တိုးချဲ့ ဖွင့်လှစ်ခဲ့သည် (အပိုဒ်-485)။,0,0,0,0,0,0,NULL
mya_9cba8c3f08df8a8a183e3f4b5bbf5ee7,သစ်တော ပြန်းတီးမှု ထိန်းသိမ်း ရေး အတွက် သစ်ပင် များ စိုက်ပျိုး ရမည် (အပိုဒ်-486)။,0,0,0,0,0,0,NULL
mya_ae2c3057d3db33090265b56b218425d4,နိုင်ငံတကာ ကုန်သွယ်ရေး ပူးပေါင်း ဆောင်ရွက်မှု ကို ပိုမို ခိုင်မာ အောင် တည်ဆောက် လျက်ရှိသည် (အပိုဒ်-487)။,0,0,0,0,0,0,NULL
mya_f64c3d6b1c8c4187d52cd753deec8776,မြန်မာနိုင်ငံ၏ ပညာရေး စနစ် ပြုပြင် ပြောင်းလဲ ရေး ဆိုင်ရာ ဆွေးနွေးပွဲ ကို ကျင်းပ ခဲ့သည် (အပိုဒ်-488)။,0,0,0,0,0,0,NULL
mya_d9490a15124c6286e00b5fb40af3f876,သဘာဝ ပတ်ဝန်းကျင် ထိန်းသိမ်း ရေး သည် ပုဂ္ဂလိက နှင့် အစိုးရ နှစ်ဦးစလုံး တွင် တာဝန် ရှိသည် (အပိုဒ်-489)။,0,0,0,0,0,0,NULL
mya_290771516483c02459f2821bc60ed0b2,ဆရာကြီး မင်းသုဝဏ် ၏ ကဗျာ များ သည် မြန်မာ စာပေ သမိုင်း တွင် ထင်ရှား သည် (အပိုဒ်-490)။,0,0,0,0,0,0,NULL
mya_cb8f72e7360d9243f2e1b6d8f6b2a60f,စိုက်ပျိုးရေး ကဏ္ဍ ဖွံ့ဖြိုး တိုးတက် ရေး အတွက် နည်းပညာ သစ် များ ကို အသုံးပြု ရမည် (အပိုဒ်-491)။,0,0,0,0,0,0,NULL
mya_2d6a61b954763cf3fc0c3167ca24eead,ကျန်းမာရေး ဝန်ကြီးဌာန မှ ကာကွယ်ဆေး ထိုးနှံ ပေးခြင်း အစီအစဉ် ကို ဆက်လက် လုပ်ဆောင် လျက်ရှိသည် (အပိုဒ်-492)။,0,0,0,0,0,0,NULL
mya_6927addf19bc17bd10e576eb0b54268f,ရန်ကုန် မြို့၏ သမိုင်းဝင် အဆောက်အအုံ များကို ရှေးဟောင်းသုတေသန ဌာနမှ ထိန်းသိမ်းထားသည် (အပိုဒ်-493)။,0,0,0,0,0,0,NULL
mya_de6988a7c695d77df34bd2b0fcb1413a,စီးပွားရေး ရင်းနှီးမြှုပ်နှံမှု အခွင့်အလမ်း များကို တိုးမြှင့် ဆောင်ရွက်ရန် လိုအပ်ပါသည် (အပိုဒ်-494)။,0,0,0,0,0,0,NULL
mya_c9e4aea1a697fcebf0f3af5829c9fced,သတင်းအချက်အလက် နည်းပညာ သင်တန်း များကို တက္ကသိုလ် များတွင် တိုးချဲ့ ဖွင့်လှစ်ခဲ့သည် (အပိုဒ်-495)။,0,0,0,0,0,0,NULL
mya_d598426c1966cc7313041fce8ed01963,သစ်တော ပြန်းတီးမှု ထိန်းသိမ်း ရေး အတွက် သစ်ပင် များ စိုက်ပျိုး ရမည် (အပိုဒ်-496)။,0,0,0,0,0,0,NULL
mya_01dd61ff53c7a9ad6fb369c5a3aacc4c,နိုင်ငံတကာ ကုန်သွယ်ရေး ပူးပေါင်း ဆောင်ရွက်မှု ကို ပိုမို ခိုင်မာ အောင် တည်ဆောက် လျက်ရှိသည် (အပိုဒ်-497)။,0,0,0,0,0,0,NULL
mya_ff7dd82dd22b93b89f62ca03d94b0485,မြန်မာနိုင်ငံ၏ ပညာရေး စနစ် ပြုပြင် ပြောင်းလဲ ရေး ဆိုင်ရာ ဆွေးနွေးပွဲ ကို ကျင်းပ ခဲ့သည် (အပိုဒ်-498)။,0,0,0,0,0,0,NULL
mya_6abd6db793065012ea025e1cc8d4c24c,သဘာဝ ပတ်ဝန်းကျင် ထိန်းသိမ်း ရေး သည် ပုဂ္ဂလိက နှင့် အစိုးရ နှစ်ဦးစလုံး တွင် တာဝန် ရှိသည် (အပိုဒ်-499)။,0,0,0,0,0,0,NULL
mya_8886bb26993e81a2d03c5b01b12298d0,ဆရာကြီး မင်းသုဝဏ် ၏ ကဗျာ များ သည် မြန်မာ စာပေ သမိုင်း တွင် ထင်ရှား သည် (အပိုဒ်-500)။,0,0,0,0,0,0,NULL
mya_ecc6bf766a6776050829cb5bfb8c5342,စိုက်ပျိုးရေး ကဏ္ဍ ဖွံ့ဖြိုး တိုးတက် ရေး အတွက် နည်းပညာ သစ် များ ကို အသုံးပြု ရမည် (အပိုဒ်-501)။,0,0,0,0,0,0,NULL
mya_8935cb9884fb0460d3af575f5bb67ac0,ကျန်းမာရေး ဝန်ကြီးဌာန မှ ကာကွယ်ဆေး ထိုးနှံ ပေးခြင်း အစီအစဉ် ကို ဆက်လက် လုပ်ဆောင် လျက်ရှိသည် (အပိုဒ်-502)။,0,0,0,0,0,0,NULL
mya_03f614f71273c643c6e51a7a07cc3dc2,ရန်ကုန် မြို့၏ သမိုင်းဝင် အဆောက်အအုံ များကို ရှေးဟောင်းသုတေသန ဌာနမှ ထိန်းသိမ်းထားသည် (အပိုဒ်-503)။,0,0,0,0,0,0,NULL
mya_7d2fc0c2bbc9cef297cff9a38330ee03,စီးပွားရေး ရင်းနှီးမြှုပ်နှံမှု အခွင့်အလမ်း များကို တိုးမြှင့် ဆောင်ရွက်ရန် လိုအပ်ပါသည် (အပိုဒ်-504)။,0,0,0,0,0,0,NULL
mya_64e955b6718a7ef7190fba25e0f27dfe,သတင်းအချက်အလက် နည်းပညာ သင်တန်း များကို တက္ကသိုလ် များတွင် တိုးချဲ့ ဖွင့်လှစ်ခဲ့သည် (အပိုဒ်-505)။,0,0,0,0,0,0,NULL
mya_fd75f19f1cbcab949118ee8eabe9d3c4,သစ်တော ပြန်းတီးမှု ထိန်းသိမ်း ရေး အတွက် သစ်ပင် များ စိုက်ပျိုး ရမည် (အပိုဒ်-506)။,0,0,0,0,0,0,NULL
mya_f836d0bfdc5b909ff3f2572c3d66bc7e,နိုင်ငံတကာ ကုန်သွယ်ရေး ပူးပေါင်း ဆောင်ရွက်မှု ကို ပိုမို ခိုင်မာ အောင် တည်ဆောက် လျက်ရှိသည် (အပိုဒ်-507)။,0,0,0,0,0,0,NULL
mya_6edee5f84fe5a3086ae2e7aae0b00ee9,မြန်မာနိုင်ငံ၏ ပညာရေး စနစ် ပြုပြင် ပြောင်းလဲ ရေး ဆိုင်ရာ ဆွေးနွေးပွဲ ကို ကျင်းပ ခဲ့သည် (အပိုဒ်-508)။,0,0,0,0,0,0,NULL
mya_11deb0a21b44a8333cfaca157dec12cd,သဘာဝ ပတ်ဝန်းကျင် ထိန်းသိမ်း ရေး သည် ပုဂ္ဂလိက နှင့် အစိုးရ နှစ်ဦးစလုံး တွင် တာဝန် ရှိသည် (အပိုဒ်-509)။,0,0,0,0,0,0,NULL
mya_37263f2f18d1ab34c0096c10c81f18ce,ဆရာကြီး မင်းသုဝဏ် ၏ ကဗျာ များ သည် မြန်မာ စာပေ သမိုင်း တွင် ထင်ရှား သည် (အပိုဒ်-510)။,0,0,0,0,0,0,NULL
mya_c66cd8ab96cfa6678b3aa77156ca7b66,စိုက်ပျိုးရေး ကဏ္ဍ ဖွံ့ဖြိုး တိုးတက် ရေး အတွက် နည်းပညာ သစ် များ ကို အသုံးပြု ရမည် (အပိုဒ်-511)။,0,0,0,0,0,0,NULL
mya_4fdf1c5a341dbe5c6831e39b49a78c2c,ကျန်းမာရေး ဝန်ကြီးဌာန မှ ကာကွယ်ဆေး ထိုးနှံ ပေးခြင်း အစီအစဉ် ကို ဆက်လက် လုပ်ဆောင် လျက်ရှိသည် (အပိုဒ်-512)။,0,0,0,0,0,0,NULL
mya_b3de1e9fcce0edd583f46bd0eab84768,ရန်ကုန် မြို့၏ သမိုင်းဝင် အဆောက်အအုံ များကို ရှေးဟောင်းသုတေသန ဌာနမှ ထိန်းသိမ်းထားသည် (အပိုဒ်-513)။,0,0,0,0,0,0,NULL
mya_72ae8f3887a1c30785424ec3f7f716c9,စီးပွားရေး ရင်းနှီးမြှုပ်နှံမှု အခွင့်အလမ်း များကို တိုးမြှင့် ဆောင်ရွက်ရန် လိုအပ်ပါသည် (အပိုဒ်-514)။,0,0,0,0,0,0,NULL
mya_86b66e168b84b754daa1dde23475a9d5,သတင်းအချက်အလက် နည်းပညာ သင်တန်း များကို တက္ကသိုလ် များတွင် တိုးချဲ့ ဖွင့်လှစ်ခဲ့သည် (အပိုဒ်-515)။,0,0,0,0,0,0,NULL
mya_c9dcd9f2ea9b412c0fdfae3306406b3f,သစ်တော ပြန်းတီးမှု ထိန်းသိမ်း ရေး အတွက် သစ်ပင် များ စိုက်ပျိုး ရမည် (အပိုဒ်-516)။,0,0,0,0,0,0,NULL
mya_c7a39489254ff48da9b35568b1a266c9,နိုင်ငံတကာ ကုန်သွယ်ရေး ပူးပေါင်း ဆောင်ရွက်မှု ကို ပိုမို ခိုင်မာ အောင် တည်ဆောက် လျက်ရှိသည် (အပိုဒ်-517)။,0,0,0,0,0,0,NULL
mya_dc4c30d147d659a2604a5bef6583794e,မြန်မာနိုင်ငံ၏ ပညာရေး စနစ် ပြုပြင် ပြောင်းလဲ ရေး ဆိုင်ရာ ဆွေးနွေးပွဲ ကို ကျင်းပ ခဲ့သည် (အပိုဒ်-518)။,0,0,0,0,0,0,NULL
mya_20f99e31e6b458e2b55aa8c0c27f08fd,သဘာဝ ပတ်ဝန်းကျင် ထိန်းသိမ်း ရေး သည် ပုဂ္ဂလိက နှင့် အစိုးရ နှစ်ဦးစလုံး တွင် တာဝန် ရှိသည် (အပိုဒ်-519)။,0,0,0,0,0,0,NULL
mya_1db86a8a68120f7015a88461c1ddff5b,ဆရာကြီး မင်းသုဝဏ် ၏ ကဗျာ များ သည် မြန်မာ စာပေ သမိုင်း တွင် ထင်ရှား သည် (အပိုဒ်-520)။,0,0,0,0,0,0,NULL
mya_60104f64d6996de9acabe3dc1449d60f,စိုက်ပျိုးရေး ကဏ္ဍ ဖွံ့ဖြိုး တိုးတက် ရေး အတွက် နည်းပညာ သစ် များ ကို အသုံးပြု ရမည် (အပိုဒ်-521)။,0,0,0,0,0,0,NULL
mya_f4549e137d11e3223dcb9b3f3cc5bbd0,ကျန်းမာရေး ဝန်ကြီးဌာန မှ ကာကွယ်ဆေး ထိုးနှံ ပေးခြင်း အစီအစဉ် ကို ဆက်လက် လုပ်ဆောင် လျက်ရှိသည် (အပိုဒ်-522)။,0,0,0,0,0,0,NULL
mya_77a3cba385478fe4c51890de7157c7c3,ရန်ကုန် မြို့၏ သမိုင်းဝင် အဆောက်အအုံ များကို ရှေးဟောင်းသုတေသန ဌာနမှ ထိန်းသိမ်းထားသည် (အပိုဒ်-523)။,0,0,0,0,0,0,NULL
mya_82a97e2348e17a79013f5d74876981b2,စီးပွားရေး ရင်းနှီးမြှုပ်နှံမှု အခွင့်အလမ်း များကို တိုးမြှင့် ဆောင်ရွက်ရန် လိုအပ်ပါသည် (အပိုဒ်-524)။,0,0,0,0,0,0,NULL
mya_0ea7b3a632b687cd0c616b47e8efb943,သတင်းအချက်အလက် နည်းပညာ သင်တန်း များကို တက္ကသိုလ် များတွင် တိုးချဲ့ ဖွင့်လှစ်ခဲ့သည် (အပိုဒ်-525)။,0,0,0,0,0,0,NULL
mya_5d447dacaa3c0cacd73b9d315bd1ce0d,သစ်တော ပြန်းတီးမှု ထိန်းသိမ်း ရေး အတွက် သစ်ပင် များ စိုက်ပျိုး ရမည် (အပိုဒ်-526)။,0,0,0,0,0,0,NULL
mya_cafcde542e33070ab244ba3c1b9661ab,နိုင်ငံတကာ ကုန်သွယ်ရေး ပူးပေါင်း ဆောင်ရွက်မှု ကို ပိုမို ခိုင်မာ အောင် တည်ဆောက် လျက်ရှိသည် (အပိုဒ်-527)။,0,0,0,0,0,0,NULL
mya_d2961414e6ca67e1426bca3d8c187901,မြန်မာနိုင်ငံ၏ ပညာရေး စနစ် ပြုပြင် ပြောင်းလဲ ရေး ဆိုင်ရာ ဆွေးနွေးပွဲ ကို ကျင်းပ ခဲ့သည် (အပိုဒ်-528)။,0,0,0,0,0,0,NULL
mya_f0815dd3f3792e947fa921bffb4e5f56,သဘာဝ ပတ်ဝန်းကျင် ထိန်းသိမ်း ရေး သည် ပုဂ္ဂလိက နှင့် အစိုးရ နှစ်ဦးစလုံး တွင် တာဝန် ရှိသည် (အပိုဒ်-529)။,0,0,0,0,0,0,NULL
mya_f54cd8fd6ada1ce76cc59f5e688e4140,ဆရာကြီး မင်းသုဝဏ် ၏ ကဗျာ များ သည် မြန်မာ စာပေ သမိုင်း တွင် ထင်ရှား သည် (အပိုဒ်-530)။,0,0,0,0,0,0,NULL
mya_a509c2e0077871886a2ec0a2fde14ca7,စိုက်ပျိုးရေး ကဏ္ဍ ဖွံ့ဖြိုး တိုးတက် ရေး အတွက် နည်းပညာ သစ် များ ကို အသုံးပြု ရမည် (အပိုဒ်-531)။,0,0,0,0,0,0,NULL
mya_b14839db086fa5e86902b54c4e49f5f5,ကျန်းမာရေး ဝန်ကြီးဌာန မှ ကာကွယ်ဆေး ထိုးနှံ ပေးခြင်း အစီအစဉ် ကို ဆက်လက် လုပ်ဆောင် လျက်ရှိသည် (အပိုဒ်-532)။,0,0,0,0,0,0,NULL
mya_a88cd90489d92a7b88c98c8d19e063f0,ရန်ကုန် မြို့၏ သမိုင်းဝင် အဆောက်အအုံ များကို ရှေးဟောင်းသုတေသန ဌာနမှ ထိန်းသိမ်းထားသည် (အပိုဒ်-533)။,0,0,0,0,0,0,NULL
mya_2c5c74fece6333c7ed81f3416705033c,စီးပွားရေး ရင်းနှီးမြှုပ်နှံမှု အခွင့်အလမ်း များကို တိုးမြှင့် ဆောင်ရွက်ရန် လိုအပ်ပါသည် (အပိုဒ်-534)။,0,0,0,0,0,0,NULL
mya_7036f72465ce3fbb8f444f8b319e0a08,သတင်းအချက်အလက် နည်းပညာ သင်တန်း များကို တက္ကသိုလ် များတွင် တိုးချဲ့ ဖွင့်လှစ်ခဲ့သည် (အပိုဒ်-535)။,0,0,0,0,0,0,NULL
mya_f1a910faa35d354678d60e3bce516275,သစ်တော ပြန်းတီးမှု ထိန်းသိမ်း ရေး အတွက် သစ်ပင် များ စိုက်ပျိုး ရမည် (အပိုဒ်-536)။,0,0,0,0,0,0,NULL
mya_26912abdea120fdc56d5346eeca2066f,နိုင်ငံတကာ ကုန်သွယ်ရေး ပူးပေါင်း ဆောင်ရွက်မှု ကို ပိုမို ခိုင်မာ အောင် တည်ဆောက် လျက်ရှိသည် (အပိုဒ်-537)။,0,0,0,0,0,0,NULL
mya_8cbc8b99e0b75d34f55082092cb90261,မြန်မာနိုင်ငံ၏ ပညာရေး စနစ် ပြုပြင် ပြောင်းလဲ ရေး ဆိုင်ရာ ဆွေးနွေးပွဲ ကို ကျင်းပ ခဲ့သည် (အပိုဒ်-538)။,0,0,0,0,0,0,NULL
mya_fa3be03ccd952279ab601df954033870,သဘာဝ ပတ်ဝန်းကျင် ထိန်းသိမ်း ရေး သည် ပုဂ္ဂလိက နှင့် အစိုးရ နှစ်ဦးစလုံး တွင် တာဝန် ရှိသည် (အပိုဒ်-539)။,0,0,0,0,0,0,NULL
mya_33b8fd9bd39688984271818c040e9bd6,ဆရာကြီး မင်းသုဝဏ် ၏ ကဗျာ များ သည် မြန်မာ စာပေ သမိုင်း တွင် ထင်ရှား သည် (အပိုဒ်-540)။,0,0,0,0,0,0,NULL
mya_7b3f06d4fe4627c158ceb47f9d5e7129,စိုက်ပျိုးရေး ကဏ္ဍ ဖွံ့ဖြိုး တိုးတက် ရေး အတွက် နည်းပညာ သစ် များ ကို အသုံးပြု ရမည် (အပိုဒ်-541)။,0,0,0,0,0,0,NULL
mya_a13e4c57c8acb2d0c0d4de86702c07c6,ကျန်းမာရေး ဝန်ကြီးဌာန မှ ကာကွယ်ဆေး ထိုးနှံ ပေးခြင်း အစီအစဉ် ကို ဆက်လက် လုပ်ဆောင် လျက်ရှိသည် (အပိုဒ်-542)။,0,0,0,0,0,0,NULL
mya_2cd401fd84eaab2af84bab16d9eaec6c,ရန်ကုန် မြို့၏ သမိုင်းဝင် အဆောက်အအုံ များကို ရှေးဟောင်းသုတေသန ဌာနမှ ထိန်းသိမ်းထားသည် (အပိုဒ်-543)။,0,0,0,0,0,0,NULL
mya_1e2693e02fd407b32d9fc149eac2e3ff,စီးပွားရေး ရင်းနှီးမြှုပ်နှံမှု အခွင့်အလမ်း များကို တိုးမြှင့် ဆောင်ရွက်ရန် လိုအပ်ပါသည် (အပိုဒ်-544)။,0,0,0,0,0,0,NULL
mya_d976e68109e3dd4274d69351351d44de,သတင်းအချက်အလက် နည်းပညာ သင်တန်း များကို တက္ကသိုလ် များတွင် တိုးချဲ့ ဖွင့်လှစ်ခဲ့သည် (အပိုဒ်-545)။,0,0,0,0,0,0,NULL
mya_379a3e322bd18438db1cff25f6a70c68,သစ်တော ပြန်းတီးမှု ထိန်းသိမ်း ရေး အတွက် သစ်ပင် များ စိုက်ပျိုး ရမည် (အပိုဒ်-546)။,0,0,0,0,0,0,NULL
mya_139e7e729f469388fea166bb22b9aaa4,နိုင်ငံတကာ ကုန်သွယ်ရေး ပူးပေါင်း ဆောင်ရွက်မှု ကို ပိုမို ခိုင်မာ အောင် တည်ဆောက် လျက်ရှိသည် (အပိုဒ်-547)။,0,0,0,0,0,0,NULL
mya_06943e9f078d4701291148d2ccd50abb,မြန်မာနိုင်ငံ၏ ပညာရေး စနစ် ပြုပြင် ပြောင်းလဲ ရေး ဆိုင်ရာ ဆွေးနွေးပွဲ ကို ကျင်းပ ခဲ့သည် (အပိုဒ်-548)။,0,0,0,0,0,0,NULL
mya_f58358fbe251d49142e1a9534600b239,သဘာဝ ပတ်ဝန်းကျင် ထိန်းသိမ်း ရေး သည် ပုဂ္ဂလိက နှင့် အစိုးရ နှစ်ဦးစလုံး တွင် တာဝန် ရှိသည် (အပိုဒ်-549)။,0,0,0,0,0,0,NULL
mya_bdbea81f349fb45e5a75ad7c52c7bc91,ဆရာကြီး မင်းသုဝဏ် ၏ ကဗျာ များ သည် မြန်မာ စာပေ သမိုင်း တွင် ထင်ရှား သည် (အပိုဒ်-550)။,0,0,0,0,0,0,NULL
mya_72bb9b5fba168ac45978b16dbd4d05ab,စိုက်ပျိုးရေး ကဏ္ဍ ဖွံ့ဖြိုး တိုးတက် ရေး အတွက် နည်းပညာ သစ် များ ကို အသုံးပြု ရမည် (အပိုဒ်-551)။,0,0,0,0,0,0,NULL
mya_18e4e1aa3135b33944770b57ebe5fccc,ကျန်းမာရေး ဝန်ကြီးဌာန မှ ကာကွယ်ဆေး ထိုးနှံ ပေးခြင်း အစီအစဉ် ကို ဆက်လက် လုပ်ဆောင် လျက်ရှိသည် (အပိုဒ်-552)။,0,0,0,0,0,0,NULL
mya_d32e703d41a78f0924aa50badb698165,ရန်ကုန် မြို့၏ သမိုင်းဝင် အဆောက်အအုံ များကို ရှေးဟောင်းသုတေသန ဌာနမှ ထိန်းသိမ်းထားသည် (အပိုဒ်-553)။,0,0,0,0,0,0,NULL
mya_8f790cd01836fe005b168469560e4a52,စီးပွားရေး ရင်းနှီးမြှုပ်နှံမှု အခွင့်အလမ်း များကို တိုးမြှင့် ဆောင်ရွက်ရန် လိုအပ်ပါသည် (အပိုဒ်-554)။,0,0,0,0,0,0,NULL
mya_32cc3642ae17ae77615518978dabcd53,သတင်းအချက်အလက် နည်းပညာ သင်တန်း များကို တက္ကသိုလ် များတွင် တိုးချဲ့ ဖွင့်လှစ်ခဲ့သည် (အပိုဒ်-555)။,0,0,0,0,0,0,NULL
mya_5dae58e9a65fd1fc6b5b26844bbecf25,သစ်တော ပြန်းတီးမှု ထိန်းသိမ်း ရေး အတွက် သစ်ပင် များ စိုက်ပျိုး ရမည် (အပိုဒ်-556)။,0,0,0,0,0,0,NULL
mya_7ee7190f50b023d39bffa408d5174d39,နိုင်ငံတကာ ကုန်သွယ်ရေး ပူးပေါင်း ဆောင်ရွက်မှု ကို ပိုမို ခိုင်မာ အောင် တည်ဆောက် လျက်ရှိသည် (အပိုဒ်-557)။,0,0,0,0,0,0,NULL
mya_e9c57cff7b43a5fae97ab20f69a1d066,မြန်မာနိုင်ငံ၏ ပညာရေး စနစ် ပြုပြင် ပြောင်းလဲ ရေး ဆိုင်ရာ ဆွေးနွေးပွဲ ကို ကျင်းပ ခဲ့သည် (အပိုဒ်-558)။,0,0,0,0,0,0,NULL
mya_22cf5b2240e41b482fd668ccfa14022c,သဘာဝ ပတ်ဝန်းကျင် ထိန်းသိမ်း ရေး သည် ပုဂ္ဂလိက နှင့် အစိုးရ နှစ်ဦးစလုံး တွင် တာဝန် ရှိသည် (အပိုဒ်-559)။,0,0,0,0,0,0,NULL
mya_b1c1fbe02ea44c78394985268c939771,ဆရာကြီး မင်းသုဝဏ် ၏ ကဗျာ များ သည် မြန်မာ စာပေ သမိုင်း တွင် ထင်ရှား သည် (အပိုဒ်-560)။,0,0,0,0,0,0,NULL
mya_e33f3b03242315ee3614916369e82172,စိုက်ပျိုးရေး ကဏ္ဍ ဖွံ့ဖြိုး တိုးတက် ရေး အတွက် နည်းပညာ သစ် များ ကို အသုံးပြု ရမည် (အပိုဒ်-561)။,0,0,0,0,0,0,NULL
mya_5449cad828cfe7b83a6c37b5d9a2c018,ကျန်းမာရေး ဝန်ကြီးဌာန မှ ကာကွယ်ဆေး ထိုးနှံ ပေးခြင်း အစီအစဉ် ကို ဆက်လက် လုပ်ဆောင် လျက်ရှိသည် (အပိုဒ်-562)။,0,0,0,0,0,0,NULL
mya_2d27f572963c831fdd6bdd7be6301476,ရန်ကုန် မြို့၏ သမိုင်းဝင် အဆောက်အအုံ များကို ရှေးဟောင်းသုတေသန ဌာနမှ ထိန်းသိမ်းထားသည် (အပိုဒ်-563)။,0,0,0,0,0,0,NULL
mya_a130fdfdcfb8b5b7f5fd154043591711,စီးပွားရေး ရင်းနှီးမြှုပ်နှံမှု အခွင့်အလမ်း များကို တိုးမြှင့် ဆောင်ရွက်ရန် လိုအပ်ပါသည် (အပိုဒ်-564)။,0,0,0,0,0,0,NULL
mya_5ffe797f261d41631f164bc12a83ebd5,သတင်းအချက်အလက် နည်းပညာ သင်တန်း များကို တက္ကသိုလ် များတွင် တိုးချဲ့ ဖွင့်လှစ်ခဲ့သည် (အပိုဒ်-565)။,0,0,0,0,0,0,NULL
mya_2fcdb10c2574755a5a840c7ae4b9d8f8,သစ်တော ပြန်းတီးမှု ထိန်းသိမ်း ရေး အတွက် သစ်ပင် များ စိုက်ပျိုး ရမည် (အပိုဒ်-566)။,0,0,0,0,0,0,NULL
mya_722d3ead9b278210d9110326f0998226,နိုင်ငံတကာ ကုန်သွယ်ရေး ပူးပေါင်း ဆောင်ရွက်မှု ကို ပိုမို ခိုင်မာ အောင် တည်ဆောက် လျက်ရှိသည် (အပိုဒ်-567)။,0,0,0,0,0,0,NULL
mya_48c34371ba10168673ffc4bdbba3e646,မြန်မာနိုင်ငံ၏ ပညာရေး စနစ် ပြုပြင် ပြောင်းလဲ ရေး ဆိုင်ရာ ဆွေးနွေးပွဲ ကို ကျင်းပ ခဲ့သည် (အပိုဒ်-568)။,0,0,0,0,0,0,NULL
mya_360ceb7d5e80470d2eaa10c894106279,သဘာဝ ပတ်ဝန်းကျင် ထိန်းသိမ်း ရေး သည် ပုဂ္ဂလိက နှင့် အစိုးရ နှစ်ဦးစလုံး တွင် တာဝန် ရှိသည် (အပိုဒ်-569)။,0,0,0,0,0,0,NULL
mya_b8f6c5cdf021329d5d47e77cfe005777,ဆရာကြီး မင်းသုဝဏ် ၏ ကဗျာ များ သည် မြန်မာ စာပေ သမိုင်း တွင် ထင်ရှား သည် (အပိုဒ်-570)။,0,0,0,0,0,0,NULL
mya_c37c047972bd45c3f072c0a0883eb9a3,စိုက်ပျိုးရေး ကဏ္ဍ ဖွံ့ဖြိုး တိုးတက် ရေး အတွက် နည်းပညာ သစ် များ ကို အသုံးပြု ရမည် (အပိုဒ်-571)။,0,0,0,0,0,0,NULL
mya_c654a530d4eb8967fce93d1c9ce495b1,ကျန်းမာရေး ဝန်ကြီးဌာန မှ ကာကွယ်ဆေး ထိုးနှံ ပေးခြင်း အစီအစဉ် ကို ဆက်လက် လုပ်ဆောင် လျက်ရှိသည် (အပိုဒ်-572)။,0,0,0,0,0,0,NULL
mya_461fc4f7a610c51551a3a3d433433768,ရန်ကုန် မြို့၏ သမိုင်းဝင် အဆောက်အအုံ များကို ရှေးဟောင်းသုတေသန ဌာနမှ ထိန်းသိမ်းထားသည် (အပိုဒ်-573)။,0,0,0,0,0,0,NULL
mya_ce40bb644ef3caa0e9bef4e8d3f86d27,စီးပွားရေး ရင်းနှီးမြှုပ်နှံမှု အခွင့်အလမ်း များကို တိုးမြှင့် ဆောင်ရွက်ရန် လိုအပ်ပါသည် (အပိုဒ်-574)။,0,0,0,0,0,0,NULL
mya_ed5d27e1b99520b9ea87e00dbbd38b07,သတင်းအချက်အလက် နည်းပညာ သင်တန်း များကို တက္ကသိုလ် များတွင် တိုးချဲ့ ဖွင့်လှစ်ခဲ့သည် (အပိုဒ်-575)။,0,0,0,0,0,0,NULL
mya_7f8e5212a6c9d952d80feaa96dda4635,သစ်တော ပြန်းတီးမှု ထိန်းသိမ်း ရေး အတွက် သစ်ပင် များ စိုက်ပျိုး ရမည် (အပိုဒ်-576)။,0,0,0,0,0,0,NULL
mya_4f07e39de7ca4c99a4b93e25d9bc9d87,နိုင်ငံတကာ ကုန်သွယ်ရေး ပူးပေါင်း ဆောင်ရွက်မှု ကို ပိုမို ခိုင်မာ အောင် တည်ဆောက် လျက်ရှိသည် (အပိုဒ်-577)။,0,0,0,0,0,0,NULL
mya_59f76f73cf0027b9df764b40a5022564,မြန်မာနိုင်ငံ၏ ပညာရေး စနစ် ပြုပြင် ပြောင်းလဲ ရေး ဆိုင်ရာ ဆွေးနွေးပွဲ ကို ကျင်းပ ခဲ့သည် (အပိုဒ်-578)။,0,0,0,0,0,0,NULL
mya_6f0dae4afdf71ea517846d3043cf2080,သဘာဝ ပတ်ဝန်းကျင် ထိန်းသိမ်း ရေး သည် ပုဂ္ဂလိက နှင့် အစိုးရ နှစ်ဦးစလုံး တွင် တာဝန် ရှိသည် (အပိုဒ်-579)။,0,0,0,0,0,0,NULL
mya_d34b3ac4b0820b07af79ef9ec0b1a3ab,ဆရာကြီး မင်းသုဝဏ် ၏ ကဗျာ များ သည် မြန်မာ စာပေ သမိုင်း တွင် ထင်ရှား သည် (အပိုဒ်-580)။,0,0,0,0,0,0,NULL
mya_5f5f6a1d09f4de69a2e2963515ab6231,စိုက်ပျိုးရေး ကဏ္ဍ ဖွံ့ဖြိုး တိုးတက် ရေး အတွက် နည်းပညာ သစ် များ ကို အသုံးပြု ရမည် (အပိုဒ်-581)။,0,0,0,0,0,0,NULL
mya_2ad1f91e157d3d274293fa72cc69bc04,ကျန်းမာရေး ဝန်ကြီးဌာန မှ ကာကွယ်ဆေး ထိုးနှံ ပေးခြင်း အစီအစဉ် ကို ဆက်လက် လုပ်ဆောင် လျက်ရှိသည် (အပိုဒ်-582)။,0,0,0,0,0,0,NULL
mya_31668b71e62fbb2bad87eda740d5a529,ရန်ကုန် မြို့၏ သမိုင်းဝင် အဆောက်အအုံ များကို ရှေးဟောင်းသုတေသန ဌာနမှ ထိန်းသိမ်းထားသည် (အပိုဒ်-583)။,0,0,0,0,0,0,NULL
mya_db02ee0b8d9bcffb1adcf3f1ec3e6e66,စီးပွားရေး ရင်းနှီးမြှုပ်နှံမှု အခွင့်အလမ်း များကို တိုးမြှင့် ဆောင်ရွက်ရန် လိုအပ်ပါသည် (အပိုဒ်-584)။,0,0,0,0,0,0,NULL
mya_24e7cea4c4b5d5c048a0b11a8119848e,သတင်းအချက်အလက် နည်းပညာ သင်တန်း များကို တက္ကသိုလ် များတွင် တိုးချဲ့ ဖွင့်လှစ်ခဲ့သည် (အပိုဒ်-585)။,0,0,0,0,0,0,NULL
mya_02ac1580fcd278def23212db89fc327e,သစ်တော ပြန်းတီးမှု ထိန်းသိမ်း ရေး အတွက် သစ်ပင် များ စိုက်ပျိုး ရမည် (အပိုဒ်-586)။,0,0,0,0,0,0,NULL
mya_dc4ec6543d4578b9325ff9ecebf23f29,နိုင်ငံတကာ ကုန်သွယ်ရေး ပူးပေါင်း ဆောင်ရွက်မှု ကို ပိုမို ခိုင်မာ အောင် တည်ဆောက် လျက်ရှိသည် (အပိုဒ်-587)။,0,0,0,0,0,0,NULL
mya_b9621e2f06a36e6e337c560b06b07b16,မြန်မာနိုင်ငံ၏ ပညာရေး စနစ် ပြုပြင် ပြောင်းလဲ ရေး ဆိုင်ရာ ဆွေးနွေးပွဲ ကို ကျင်းပ ခဲ့သည် (အပိုဒ်-588)။,0,0,0,0,0,0,NULL
mya_bd094c14c09af7bdc2baf60db604c1e0,သဘာဝ ပတ်ဝန်းကျင် ထိန်းသိမ်း ရေး သည် ပုဂ္ဂလိက နှင့် အစိုးရ နှစ်ဦးစလုံး တွင် တာဝန် ရှိသည် (အပိုဒ်-589)။,0,0,0,0,0,0,NULL
mya_52c59c3ffad3f8c8ff01188621a40c6d,ဆရာကြီး မင်းသုဝဏ် ၏ ကဗျာ များ သည် မြန်မာ စာပေ သမိုင်း တွင် ထင်ရှား သည် (အပိုဒ်-590)။,0,0,0,0,0,0,NULL
mya_7a1a1455a8e02ff281f2686651c49f55,စိုက်ပျိုးရေး ကဏ္ဍ ဖွံ့ဖြိုး တိုးတက် ရေး အတွက် နည်းပညာ သစ် များ ကို အသုံးပြု ရမည် (အပိုဒ်-591)။,0,0,0,0,0,0,NULL
mya_e97f1eb76ed020ab3cea16f5fec8b99f,ကျန်းမာရေး ဝန်ကြီးဌာန မှ ကာကွယ်ဆေး ထိုးနှံ ပေးခြင်း အစီအစဉ် ကို ဆက်လက် လုပ်ဆောင် လျက်ရှိသည် (အပိုဒ်-592)။,0,0,0,0,0,0,NULL
mya_1afb987175fad9a34af49dd77b503d54,ရန်ကုန် မြို့၏ သမိုင်းဝင် အဆောက်အအုံ များကို ရှေးဟောင်းသုတေသန ဌာနမှ ထိန်းသိမ်းထားသည် (အပိုဒ်-593)။,0,0,0,0,0,0,NULL
mya_e0fa3a89e8b8c0fedb208097f7482eaf,စီးပွားရေး ရင်းနှီးမြှုပ်နှံမှု အခွင့်အလမ်း များကို တိုးမြှင့် ဆောင်ရွက်ရန် လိုအပ်ပါသည် (အပိုဒ်-594)။,0,0,0,0,0,0,NULL
mya_afde4f8aaf67e523a3ccadb1a16e1677,သတင်းအချက်အလက် နည်းပညာ သင်တန်း များကို တက္ကသိုလ် များတွင် တိုးချဲ့ ဖွင့်လှစ်ခဲ့သည် (အပိုဒ်-595)။,0,0,0,0,0,0,NULL
mya_ab2d29066983c0c51093ad4bbbdef5f7,သစ်တော ပြန်းတီးမှု ထိန်းသိမ်း ရေး အတွက် သစ်ပင် များ စိုက်ပျိုး ရမည် (အပိုဒ်-596)။,0,0,0,0,0,0,NULL
mya_a67285eec4f3922a76965a046160e24e,နိုင်ငံတကာ ကုန်သွယ်ရေး ပူးပေါင်း ဆောင်ရွက်မှု ကို ပိုမို ခိုင်မာ အောင် တည်ဆောက် လျက်ရှိသည် (အပိုဒ်-597)။,0,0,0,0,0,0,NULL
mya_9af7b995f479a712751aabbb10c858cb,မြန်မာနိုင်ငံ၏ ပညာရေး စနစ် ပြုပြင် ပြောင်းလဲ ရေး ဆိုင်ရာ ဆွေးနွေးပွဲ ကို ကျင်းပ ခဲ့သည် (အပိုဒ်-598)။,0,0,0,0,0,0,NULL
mya_d9bb85f2d485149cbb7463bc99f63c2c,သဘာဝ ပတ်ဝန်းကျင် ထိန်းသိမ်း ရေး သည် ပုဂ္ဂလိက နှင့် အစိုးရ နှစ်ဦးစလုံး တွင် တာဝန် ရှိသည် (အပိုဒ်-599)။,0,0,0,0,0,0,NULL
mya_ba25cde37197484cec3fa7217ecc735e,ဆရာကြီး မင်းသုဝဏ် ၏ ကဗျာ များ သည် မြန်မာ စာပေ သမိုင်း တွင် ထင်ရှား သည် (အပိုဒ်-600)။,0,0,0,0,0,0,NULL
